State Name,County Name,NAICS Description,Establishments
Alabama,Autauga,Total,924
Alabama,Baldwin,Total,5992
Alabama,Barbour,Total,423
Alabama,Bibb,Total,298
Alabama,Blount,Total,726
Alabama,Bullock,Total,114
Alabama,Butler,Total,430
Alabama,Calhoun,Total,2222
Alabama,Chambers,Total,599
Alabama,Cherokee,Total,369
Alabama,Chilton,Total,775
Alabama,Choctaw,Total,244
Alabama,Clarke,Total,594
Alabama,Clay,Total,190
Alabama,Cleburne,Total,178
Alabama,Coffee,Total,991
Alabama,Colbert,Total,1244
Alabama,Conecuh,Total,206
Alabama,Coosa,Total,95
Alabama,Covington,Total,832
Alabama,Crenshaw,Total,229
Alabama,Cullman,Total,1786
Alabama,Dale,Total,715
Alabama,Dallas,Total,675
Alabama,DeKalb,Total,1154
Alabama,Elmore,Total,1255
Alabama,Escambia,Total,755
Alabama,Etowah,Total,1925
Alabama,Fayette,Total,265
Alabama,Franklin,Total,529
Alabama,Geneva,Total,429
Alabama,Greene,Total,95
Alabama,Hale,Total,188
Alabama,Henry,Total,299
Alabama,Houston,Total,2776
Alabama,Jackson,Total,837
Alabama,Jefferson,Total,16851
Alabama,Lamar,Total,242
Alabama,Lauderdale,Total,1959
Alabama,Lawrence,Total,403
Alabama,Lee,Total,3124
Alabama,Limestone,Total,1535
Alabama,Lowndes,Total,112
Alabama,Macon,Total,200
Alabama,Madison,Total,8881
Alabama,Marengo,Total,440
Alabama,Marion,Total,548
Alabama,Marshall,Total,1880
Alabama,Mobile,Total,9283
Alabama,Monroe,Total,397
Alabama,Montgomery,Total,5523
Alabama,Morgan,Total,2637
Alabama,Perry,Total,106
Alabama,Pickens,Total,246
Alabama,Pike,Total,647
Alabama,Randolph,Total,348
Alabama,Russell,Total,831
Alabama,St. Clair,Total,1416
Alabama,Shelby,Total,5447
Alabama,Sumter,Total,193
Alabama,Talladega,Total,1244
Alabama,Tallapoosa,Total,789
Alabama,Tuscaloosa,Total,4166
Alabama,Walker,Total,1247
Alabama,Washington,Total,209
Alabama,Wilcox,Total,180
Alabama,Winston,Total,411
Alabama,Statewide Alabama,Total,661
Alaska,Aleutians East Borough,Total,58
Alaska,Aleutians West Census Area,Total,115
Alaska,Anchorage Municipality,Total,8769
Alaska,Bethel Census Area,Total,213
Alaska,Bristol Bay Borough,Total,105
Alaska,Denali Borough,Total,105
Alaska,Dillingham Census Area,Total,108
Alaska,Fairbanks North Star Borough,Total,2542
Alaska,Haines Borough,Total,135
Alaska,Hoonah-Angoon Census Area,Total,83
Alaska,Juneau City and Borough,Total,1109
Alaska,Kenai Peninsula Borough,Total,2287
Alaska,Ketchikan Gateway Borough,Total,576
Alaska,Kodiak Island Borough,Total,457
Alaska,Kusilvak Census Area,Total,69
Alaska,Lake and Peninsula Borough,Total,53
Alaska,Matanuska-Susitna Borough,Total,2609
Alaska,Nome Census Area,Total,174
Alaska,North Slope Borough,Total,146
Alaska,Northwest Arctic Borough,Total,68
Alaska,Petersburg Borough,Total,163
Alaska,Prince of Wales-Hyder Census Area,Total,172
Alaska,Sitka City and Borough,Total,385
Alaska,Skagway Municipality,Total,98
Alaska,Southeast Fairbanks Census Area,Total,165
Alaska,Valdez-Cordova Census Area,Total,491
Alaska,Wrangell City and Borough,Total,98
Alaska,Yakutat City and Borough,Total,30
Alaska,Yukon-Koyukuk Census Area,Total,95
Alaska,Statewide Alaska,Total,163
Arizona,Apache,Total,445
Arizona,Cochise,Total,2112
Arizona,Coconino,Total,3836
Arizona,Gila,Total,1039
Arizona,Graham,Total,542
Arizona,Greenlee,Total,84
Arizona,La Paz,Total,329
Arizona,Maricopa,Total,104022
Arizona,Mohave,Total,4108
Arizona,Navajo,Total,1791
Arizona,Pima,Total,20694
Arizona,Pinal,Total,4232
Arizona,Santa Cruz,Total,1089
Arizona,Yavapai,Total,6292
Arizona,Yuma,Total,3244
Arizona,Statewide Arizona,Total,900
Arkansas,Arkansas,Total,494
Arkansas,Ashley,Total,344
Arkansas,Baxter,Total,1088
Arkansas,Benton,Total,7298
Arkansas,Boone,Total,857
Arkansas,Bradley,Total,246
Arkansas,Calhoun,Total,56
Arkansas,Carroll,Total,709
Arkansas,Chicot,Total,191
Arkansas,Clark,Total,531
Arkansas,Clay,Total,281
Arkansas,Cleburne,Total,596
Arkansas,Cleveland,Total,74
Arkansas,Columbia,Total,533
Arkansas,Conway,Total,406
Arkansas,Craighead,Total,2651
Arkansas,Crawford,Total,1056
Arkansas,Crittenden,Total,834
Arkansas,Cross,Total,365
Arkansas,Dallas,Total,171
Arkansas,Desha,Total,284
Arkansas,Drew,Total,412
Arkansas,Faulkner,Total,2855
Arkansas,Franklin,Total,298
Arkansas,Fulton,Total,165
Arkansas,Garland,Total,2858
Arkansas,Grant,Total,291
Arkansas,Greene,Total,794
Arkansas,Hempstead,Total,375
Arkansas,Hot Spring,Total,504
Arkansas,Howard,Total,264
Arkansas,Independence,Total,797
Arkansas,Izard,Total,212
Arkansas,Jackson,Total,307
Arkansas,Jefferson,Total,1229
Arkansas,Johnson,Total,381
Arkansas,Lafayette,Total,104
Arkansas,Lawrence,Total,279
Arkansas,Lee,Total,112
Arkansas,Lincoln,Total,153
Arkansas,Little River,Total,168
Arkansas,Logan,Total,360
Arkansas,Lonoke,Total,1109
Arkansas,Madison,Total,227
Arkansas,Marion,Total,239
Arkansas,Miller,Total,719
Arkansas,Mississippi,Total,752
Arkansas,Monroe,Total,183
Arkansas,Montgomery,Total,133
Arkansas,Nevada,Total,120
Arkansas,Newton,Total,87
Arkansas,Ouachita,Total,479
Arkansas,Perry,Total,121
Arkansas,Phillips,Total,339
Arkansas,Pike,Total,219
Arkansas,Poinsett,Total,327
Arkansas,Polk,Total,418
Arkansas,Pope,Total,1549
Arkansas,Prairie,Total,139
Arkansas,Pulaski,Total,12300
Arkansas,Randolph,Total,318
Arkansas,St. Francis,Total,438
Arkansas,Saline,Total,2204
Arkansas,Scott,Total,137
Arkansas,Searcy,Total,119
Arkansas,Sebastian,Total,3322
Arkansas,Sevier,Total,254
Arkansas,Sharp,Total,312
Arkansas,Stone,Total,241
Arkansas,Union,Total,1036
Arkansas,Van Buren,Total,308
Arkansas,Washington,Total,5919
Arkansas,White,Total,1602
Arkansas,Woodruff,Total,128
Arkansas,Yell,Total,313
Arkansas,Statewide Arkansas,Total,478
California,Alameda,Total,41470
California,Alpine,Total,47
California,Amador,Total,818
California,Butte,Total,4615
California,Calaveras,Total,948
California,Colusa,Total,394
California,Contra Costa,Total,25202
California,Del Norte,Total,410
California,El Dorado,Total,4824
California,Fresno,Total,18199
California,Glenn,Total,487
California,Humboldt,Total,3181
California,Imperial,Total,2584
California,Inyo,Total,491
California,Kern,Total,13731
California,Kings,Total,1725
California,Lake,Total,1092
California,Lassen,Total,397
California,Los Angeles,Total,297305
California,Madera,Total,2162
California,Marin,Total,10004
California,Mariposa,Total,320
California,Mendocino,Total,2437
California,Merced,Total,3340
California,Modoc,Total,157
California,Mono,Total,662
California,Monterey,Total,8951
California,Napa,Total,4404
California,Nevada,Total,3230
California,Orange,Total,103811
California,Placer,Total,11689
California,Plumas,Total,615
California,Riverside,Total,43307
California,Sacramento,Total,32196
California,San Benito,Total,1047
California,San Bernardino,Total,39817
California,San Diego,Total,90254
California,San Francisco,Total,34098
California,San Joaquin,Total,12703
California,San Luis Obispo,Total,8727
California,San Mateo,Total,21407
California,Santa Barbara,Total,12119
California,Santa Clara,Total,48749
California,Santa Cruz,Total,7078
California,Shasta,Total,4516
California,Sierra,Total,77
California,Siskiyou,Total,1053
California,Solano,Total,7428
California,Sonoma,Total,14399
California,Stanislaus,Total,9611
California,Sutter,Total,2045
California,Tehama,Total,1009
California,Trinity,Total,255
California,Tulare,Total,6762
California,Tuolumne,Total,1248
California,Ventura,Total,22158
California,Yolo,Total,4372
California,Yuba,Total,835
California,Statewide California,Total,1610
Colorado,Adams,Total,10886
Colorado,Alamosa,Total,498
Colorado,Arapahoe,Total,19798
Colorado,Archuleta,Total,548
Colorado,Baca,Total,82
Colorado,Bent,Total,50
Colorado,Boulder,Total,13150
Colorado,Broomfield,Total,2294
Colorado,Chaffee,Total,1069
Colorado,Cheyenne,Total,66
Colorado,Clear Creek,Total,329
Colorado,Conejos,Total,120
Colorado,Costilla,Total,49
Colorado,Crowley,Total,45
Colorado,Custer,Total,153
Colorado,Delta,Total,857
Colorado,Denver,Total,27285
Colorado,Dolores,Total,63
Colorado,Douglas,Total,10209
Colorado,Eagle,Total,3651
Colorado,Elbert,Total,658
Colorado,El Paso,Total,18618
Colorado,Fremont,Total,928
Colorado,Garfield,Total,2615
Colorado,Gilpin,Total,133
Colorado,Grand,Total,917
Colorado,Gunnison,Total,1178
Colorado,Hinsdale,Total,73
Colorado,Huerfano,Total,159
Colorado,Jackson,Total,65
Colorado,Jefferson,Total,17948
Colorado,Kiowa,Total,37
Colorado,Kit Carson,Total,268
Colorado,Lake,Total,242
Colorado,La Plata,Total,2458
Colorado,Larimer,Total,11597
Colorado,Las Animas,Total,357
Colorado,Lincoln,Total,149
Colorado,Logan,Total,566
Colorado,Mesa,Total,4644
Colorado,Mineral,Total,69
Colorado,Moffat,Total,402
Colorado,Montezuma,Total,771
Colorado,Montrose,Total,1418
Colorado,Morgan,Total,721
Colorado,Otero,Total,405
Colorado,Ouray,Total,323
Colorado,Park,Total,516
Colorado,Phillips,Total,133
Colorado,Pitkin,Total,1701
Colorado,Prowers,Total,329
Colorado,Pueblo,Total,3257
Colorado,Rio Blanco,Total,201
Colorado,Rio Grande,Total,367
Colorado,Routt,Total,1854
Colorado,Saguache,Total,138
Colorado,San Juan,Total,77
Colorado,San Miguel,Total,696
Colorado,Sedgwick,Total,66
Colorado,Summit,Total,2320
Colorado,Teller,Total,821
Colorado,Washington,Total,114
Colorado,Weld,Total,7001
Colorado,Yuma,Total,358
Colorado,Statewide Colorado,Total,957
Connecticut,Fairfield,Total,26915
Connecticut,Hartford,Total,22541
Connecticut,Litchfield,Total,4681
Connecticut,Middlesex,Total,4208
Connecticut,New Haven,Total,19249
Connecticut,New London,Total,5751
Connecticut,Tolland,Total,2334
Connecticut,Windham,Total,2126
Connecticut,Statewide Connecticut,Total,704
Delaware,Kent,Total,4485
Delaware,New Castle,Total,17451
Delaware,Sussex,Total,6196
Delaware,Statewide Delaware,Total,421
District of Columbia,District of Columbia,Total,24089
Florida,Alachua,Total,6519
Florida,Baker,Total,423
Florida,Bay,Total,4994
Florida,Bradford,Total,440
Florida,Brevard,Total,15040
Florida,Broward,Total,67130
Florida,Calhoun,Total,187
Florida,Charlotte,Total,4310
Florida,Citrus,Total,2900
Florida,Clay,Total,4267
Florida,Collier,Total,13545
Florida,Columbia,Total,1454
Florida,DeSoto,Total,522
Florida,Dixie,Total,200
Florida,Duval,Total,27467
Florida,Escambia,Total,7410
Florida,Flagler,Total,2485
Florida,Franklin,Total,309
Florida,Gadsden,Total,709
Florida,Gilchrist,Total,265
Florida,Glades,Total,118
Florida,Gulf,Total,344
Florida,Hamilton,Total,169
Florida,Hardee,Total,412
Florida,Hendry,Total,682
Florida,Hernando,Total,3660
Florida,Highlands,Total,2044
Florida,Hillsborough,Total,41388
Florida,Holmes,Total,284
Florida,Indian River,Total,4632
Florida,Jackson,Total,827
Florida,Jefferson,Total,282
Florida,Lafayette,Total,103
Florida,Lake,Total,8338
Florida,Lee,Total,21202
Florida,Leon,Total,7938
Florida,Levy,Total,810
Florida,Liberty,Total,93
Florida,Madison,Total,314
Florida,Manatee,Total,10386
Florida,Marion,Total,7810
Florida,Martin,Total,6045
Florida,Miami-Dade,Total,94579
Florida,Monroe,Total,4010
Florida,Nassau,Total,2072
Florida,Okaloosa,Total,5796
Florida,Okeechobee,Total,870
Florida,Orange,Total,43195
Florida,Osceola,Total,7722
Florida,Palm Beach,Total,53746
Florida,Pasco,Total,11121
Florida,Pinellas,Total,31001
Florida,Polk,Total,13164
Florida,Putnam,Total,1279
Florida,St. Johns,Total,7699
Florida,St. Lucie,Total,6758
Florida,Santa Rosa,Total,3214
Florida,Sarasota,Total,15198
Florida,Seminole,Total,14695
Florida,Sumter,Total,1850
Florida,Suwannee,Total,675
Florida,Taylor,Total,404
Florida,Union,Total,134
Florida,Volusia,Total,13872
Florida,Wakulla,Total,479
Florida,Walton,Total,2967
Florida,Washington,Total,428
Florida,Statewide Florida,Total,1576
Georgia,Appling,Total,397
Georgia,Atkinson,Total,88
Georgia,Bacon,Total,231
Georgia,Baker,Total,29
Georgia,Baldwin,Total,848
Georgia,Banks,Total,306
Georgia,Barrow,Total,1435
Georgia,Bartow,Total,2282
Georgia,Ben Hill,Total,287
Georgia,Berrien,Total,256
Georgia,Bibb,Total,4166
Georgia,Bleckley,Total,161
Georgia,Brantley,Total,216
Georgia,Brooks,Total,216
Georgia,Bryan,Total,768
Georgia,Bulloch,Total,1569
Georgia,Burke,Total,358
Georgia,Butts,Total,410
Georgia,Calhoun,Total,71
Georgia,Camden,Total,881
Georgia,Candler,Total,224
Georgia,Carroll,Total,2279
Georgia,Catoosa,Total,983
Georgia,Charlton,Total,151
Georgia,Chatham,Total,8423
Georgia,Chattahoochee,Total,101
Georgia,Chattooga,Total,315
Georgia,Cherokee,Total,6108
Georgia,Clarke,Total,3162
Georgia,Clay,Total,39
Georgia,Clayton,Total,4242
Georgia,Clinch,Total,128
Georgia,Cobb,Total,22038
Georgia,Coffee,Total,837
Georgia,Colquitt,Total,911
Georgia,Columbia,Total,2710
Georgia,Cook,Total,312
Georgia,Coweta,Total,2928
Georgia,Crawford,Total,119
Georgia,Crisp,Total,492
Georgia,Dade,Total,226
Georgia,Dawson,Total,808
Georgia,Decatur,Total,611
Georgia,DeKalb,Total,18496
Georgia,Dodge,Total,307
Georgia,Dooly,Total,151
Georgia,Dougherty,Total,2254
Georgia,Douglas,Total,2881
Georgia,Early,Total,206
Georgia,Echols,Total,30
Georgia,Effingham,Total,859
Georgia,Elbert,Total,434
Georgia,Emanuel,Total,369
Georgia,Evans,Total,222
Georgia,Fannin,Total,690
Georgia,Fayette,Total,3855
Georgia,Floyd,Total,2073
Georgia,Forsyth,Total,7341
Georgia,Franklin,Total,478
Georgia,Fulton,Total,40620
Georgia,Gilmer,Total,626
Georgia,Glascock,Total,28
Georgia,Glynn,Total,2643
Georgia,Gordon,Total,1039
Georgia,Grady,Total,445
Georgia,Greene,Total,480
Georgia,Gwinnett,Total,26819
Georgia,Habersham,Total,913
Georgia,Hall,Total,4846
Georgia,Hancock,Total,71
Georgia,Haralson,Total,504
Georgia,Harris,Total,454
Georgia,Hart,Total,442
Georgia,Heard,Total,112
Georgia,Henry,Total,4489
Georgia,Houston,Total,2705
Georgia,Irwin,Total,109
Georgia,Jackson,Total,1507
Georgia,Jasper,Total,202
Georgia,Jeff Davis,Total,247
Georgia,Jefferson,Total,305
Georgia,Jenkins,Total,101
Georgia,Johnson,Total,122
Georgia,Jones,Total,353
Georgia,Lamar,Total,279
Georgia,Lanier,Total,99
Georgia,Laurens,Total,1076
Georgia,Lee,Total,434
Georgia,Liberty,Total,891
Georgia,Lincoln,Total,159
Georgia,Long,Total,103
Georgia,Lowndes,Total,2828
Georgia,Lumpkin,Total,549
Georgia,McDuffie,Total,424
Georgia,McIntosh,Total,182
Georgia,Macon,Total,168
Georgia,Madison,Total,393
Georgia,Marion,Total,91
Georgia,Meriwether,Total,319
Georgia,Miller,Total,132
Georgia,Mitchell,Total,357
Georgia,Monroe,Total,570
Georgia,Montgomery,Total,98
Georgia,Morgan,Total,535
Georgia,Murray,Total,404
Georgia,Muscogee,Total,4457
Georgia,Newton,Total,1600
Georgia,Oconee,Total,1334
Georgia,Oglethorpe,Total,186
Georgia,Paulding,Total,2338
Georgia,Peach,Total,496
Georgia,Pickens,Total,753
Georgia,Pierce,Total,345
Georgia,Pike,Total,300
Georgia,Polk,Total,618
Georgia,Pulaski,Total,173
Georgia,Putnam,Total,489
Georgia,Quitman,Total,34
Georgia,Rabun,Total,513
Georgia,Randolph,Total,128
Georgia,Richmond,Total,4279
Georgia,Rockdale,Total,2276
Georgia,Schley,Total,64
Georgia,Screven,Total,228
Georgia,Seminole,Total,171
Georgia,Spalding,Total,1221
Georgia,Stephens,Total,545
Georgia,Stewart,Total,58
Georgia,Sumter,Total,610
Georgia,Talbot,Total,66
Georgia,Taliaferro,Total,17
Georgia,Tattnall,Total,309
Georgia,Taylor,Total,125
Georgia,Telfair,Total,178
Georgia,Terrell,Total,171
Georgia,Thomas,Total,1147
Georgia,Tift,Total,1078
Georgia,Toombs,Total,689
Georgia,Towns,Total,301
Georgia,Treutlen,Total,78
Georgia,Troup,Total,1676
Georgia,Turner,Total,154
Georgia,Twiggs,Total,77
Georgia,Union,Total,632
Georgia,Upson,Total,447
Georgia,Walker,Total,718
Georgia,Walton,Total,1888
Georgia,Ware,Total,885
Georgia,Warren,Total,78
Georgia,Washington,Total,344
Georgia,Wayne,Total,597
Georgia,Webster,Total,31
Georgia,Wheeler,Total,50
Georgia,White,Total,672
Georgia,Whitfield,Total,2244
Georgia,Wilcox,Total,89
Georgia,Wilkes,Total,183
Georgia,Wilkinson,Total,141
Georgia,Worth,Total,265
Georgia,Statewide Georgia,Total,1142
Hawaii,Hawaii,Total,4251
Hawaii,Honolulu,Total,20973
Hawaii,Kauai,Total,2149
Hawaii,Maui,Total,4818
Hawaii,Statewide Hawaii,Total,296
Idaho,Ada,Total,16272
Idaho,Adams,Total,117
Idaho,Bannock,Total,2266
Idaho,Bear Lake,Total,142
Idaho,Benewah,Total,268
Idaho,Bingham,Total,957
Idaho,Blaine,Total,1657
Idaho,Boise,Total,190
Idaho,Bonner,Total,1786
Idaho,Bonneville,Total,3916
Idaho,Boundary,Total,425
Idaho,Butte,Total,52
Idaho,Camas,Total,34
Idaho,Canyon,Total,5355
Idaho,Caribou,Total,186
Idaho,Cassia,Total,741
Idaho,Clark,Total,15
Idaho,Clearwater,Total,230
Idaho,Custer,Total,192
Idaho,Elmore,Total,454
Idaho,Franklin,Total,359
Idaho,Fremont,Total,365
Idaho,Gem,Total,472
Idaho,Gooding,Total,374
Idaho,Idaho,Total,526
Idaho,Jefferson,Total,636
Idaho,Jerome,Total,603
Idaho,Kootenai,Total,5761
Idaho,Latah,Total,1014
Idaho,Lemhi,Total,312
Idaho,Lewis,Total,110
Idaho,Lincoln,Total,98
Idaho,Madison,Total,1009
Idaho,Minidoka,Total,473
Idaho,Nez Perce,Total,1168
Idaho,Oneida,Total,100
Idaho,Owyhee,Total,227
Idaho,Payette,Total,596
Idaho,Power,Total,184
Idaho,Shoshone,Total,348
Idaho,Teton,Total,588
Idaho,Twin Falls,Total,2890
Idaho,Valley,Total,710
Idaho,Washington,Total,222
Idaho,Statewide Idaho,Total,464
Illinois,Adams,Total,1763
Illinois,Alexander,Total,80
Illinois,Bond,Total,301
Illinois,Boone,Total,855
Illinois,Brown,Total,116
Illinois,Bureau,Total,697
Illinois,Calhoun,Total,73
Illinois,Carroll,Total,365
Illinois,Cass,Total,232
Illinois,Champaign,Total,4249
Illinois,Christian,Total,714
Illinois,Clark,Total,328
Illinois,Clay,Total,328
Illinois,Clinton,Total,890
Illinois,Coles,Total,1110
Illinois,Cook,Total,134715
Illinois,Crawford,Total,412
Illinois,Cumberland,Total,182
Illinois,DeKalb,Total,1961
Illinois,De Witt,Total,352
Illinois,Douglas,Total,570
Illinois,DuPage,Total,34061
Illinois,Edgar,Total,332
Illinois,Edwards,Total,135
Illinois,Effingham,Total,1251
Illinois,Fayette,Total,476
Illinois,Ford,Total,336
Illinois,Franklin,Total,684
Illinois,Fulton,Total,600
Illinois,Gallatin,Total,83
Illinois,Greene,Total,207
Illinois,Grundy,Total,1188
Illinois,Hamilton,Total,180
Illinois,Hancock,Total,377
Illinois,Hardin,Total,58
Illinois,Henderson,Total,107
Illinois,Henry,Total,1025
Illinois,Iroquois,Total,627
Illinois,Jackson,Total,1220
Illinois,Jasper,Total,216
Illinois,Jefferson,Total,895
Illinois,Jersey,Total,403
Illinois,Jo Daviess,Total,663
Illinois,Johnson,Total,168
Illinois,Kane,Total,13181
Illinois,Kankakee,Total,2270
Illinois,Kendall,Total,2419
Illinois,Knox,Total,975
Illinois,Lake,Total,19831
Illinois,LaSalle,Total,2537
Illinois,Lawrence,Total,234
Illinois,Lee,Total,712
Illinois,Livingston,Total,842
Illinois,Logan,Total,542
Illinois,McDonough,Total,615
Illinois,McHenry,Total,8039
Illinois,McLean,Total,3411
Illinois,Macon,Total,2324
Illinois,Macoupin,Total,827
Illinois,Madison,Total,5549
Illinois,Marion,Total,841
Illinois,Marshall,Total,237
Illinois,Mason,Total,256
Illinois,Massac,Total,220
Illinois,Menard,Total,200
Illinois,Mercer,Total,263
Illinois,Monroe,Total,818
Illinois,Montgomery,Total,673
Illinois,Morgan,Total,777
Illinois,Moultrie,Total,327
Illinois,Ogle,Total,1020
Illinois,Peoria,Total,4248
Illinois,Perry,Total,371
Illinois,Piatt,Total,324
Illinois,Pike,Total,347
Illinois,Pope,Total,47
Illinois,Pulaski,Total,84
Illinois,Putnam,Total,123
Illinois,Randolph,Total,632
Illinois,Richland,Total,436
Illinois,Rock Island,Total,3062
Illinois,St. Clair,Total,5077
Illinois,Saline,Total,525
Illinois,Sangamon,Total,4826
Illinois,Schuyler,Total,153
Illinois,Scott,Total,79
Illinois,Shelby,Total,412
Illinois,Stark,Total,114
Illinois,Stephenson,Total,1017
Illinois,Tazewell,Total,2739
Illinois,Union,Total,350
Illinois,Vermilion,Total,1337
Illinois,Wabash,Total,242
Illinois,Warren,Total,355
Illinois,Washington,Total,368
Illinois,Wayne,Total,362
Illinois,White,Total,339
Illinois,Whiteside,Total,1140
Illinois,Will,Total,16469
Illinois,Williamson,Total,1559
Illinois,Winnebago,Total,6251
Illinois,Woodford,Total,763
Illinois,Statewide Illinois,Total,1119
Indiana,Adams,Total,747
Indiana,Allen,Total,9432
Indiana,Bartholomew,Total,1889
Indiana,Benton,Total,176
Indiana,Blackford,Total,232
Indiana,Boone,Total,1733
Indiana,Brown,Total,348
Indiana,Carroll,Total,388
Indiana,Cass,Total,651
Indiana,Clark,Total,2580
Indiana,Clay,Total,479
Indiana,Clinton,Total,601
Indiana,Crawford,Total,131
Indiana,Daviess,Total,927
Indiana,Dearborn,Total,939
Indiana,Decatur,Total,641
Indiana,DeKalb,Total,1003
Indiana,Delaware,Total,2321
Indiana,Dubois,Total,1295
Indiana,Elkhart,Total,5057
Indiana,Fayette,Total,404
Indiana,Floyd,Total,1877
Indiana,Fountain,Total,321
Indiana,Franklin,Total,438
Indiana,Fulton,Total,446
Indiana,Gibson,Total,701
Indiana,Grant,Total,1232
Indiana,Greene,Total,545
Indiana,Hamilton,Total,9847
Indiana,Hancock,Total,1490
Indiana,Harrison,Total,666
Indiana,Hendricks,Total,3651
Indiana,Henry,Total,846
Indiana,Howard,Total,1759
Indiana,Huntington,Total,868
Indiana,Jackson,Total,988
Indiana,Jasper,Total,743
Indiana,Jay,Total,402
Indiana,Jefferson,Total,672
Indiana,Jennings,Total,429
Indiana,Johnson,Total,3456
Indiana,Knox,Total,841
Indiana,Kosciusko,Total,1988
Indiana,LaGrange,Total,937
Indiana,Lake,Total,10280
Indiana,LaPorte,Total,2232
Indiana,Lawrence,Total,884
Indiana,Madison,Total,2286
Indiana,Marion,Total,23865
Indiana,Marshall,Total,1092
Indiana,Martin,Total,210
Indiana,Miami,Total,572
Indiana,Monroe,Total,3039
Indiana,Montgomery,Total,847
Indiana,Morgan,Total,1210
Indiana,Newton,Total,241
Indiana,Noble,Total,891
Indiana,Ohio,Total,84
Indiana,Orange,Total,389
Indiana,Owen,Total,312
Indiana,Parke,Total,270
Indiana,Perry,Total,340
Indiana,Pike,Total,196
Indiana,Porter,Total,3639
Indiana,Posey,Total,500
Indiana,Pulaski,Total,311
Indiana,Putnam,Total,726
Indiana,Randolph,Total,479
Indiana,Ripley,Total,646
Indiana,Rush,Total,385
Indiana,St. Joseph,Total,5917
Indiana,Scott,Total,396
Indiana,Shelby,Total,931
Indiana,Spencer,Total,419
Indiana,Starke,Total,301
Indiana,Steuben,Total,964
Indiana,Sullivan,Total,315
Indiana,Switzerland,Total,125
Indiana,Tippecanoe,Total,3664
Indiana,Tipton,Total,316
Indiana,Union,Total,118
Indiana,Vanderburgh,Total,5064
Indiana,Vermillion,Total,250
Indiana,Vigo,Total,2377
Indiana,Wabash,Total,731
Indiana,Warren,Total,133
Indiana,Warrick,Total,1230
Indiana,Washington,Total,443
Indiana,Wayne,Total,1426
Indiana,Wells,Total,642
Indiana,White,Total,578
Indiana,Whitley,Total,684
Indiana,Statewide Indiana,Total,845
Iowa,Adair,Total,206
Iowa,Adams,Total,109
Iowa,Allamakee,Total,379
Iowa,Appanoose,Total,294
Iowa,Audubon,Total,181
Iowa,Benton,Total,529
Iowa,Black Hawk,Total,3155
Iowa,Boone,Total,590
Iowa,Bremer,Total,566
Iowa,Buchanan,Total,479
Iowa,Buena Vista,Total,516
Iowa,Butler,Total,337
Iowa,Calhoun,Total,282
Iowa,Carroll,Total,840
Iowa,Cass,Total,451
Iowa,Cedar,Total,461
Iowa,Cerro Gordo,Total,1357
Iowa,Cherokee,Total,339
Iowa,Chickasaw,Total,379
Iowa,Clarke,Total,181
Iowa,Clay,Total,570
Iowa,Clayton,Total,495
Iowa,Clinton,Total,1126
Iowa,Crawford,Total,411
Iowa,Dallas,Total,2274
Iowa,Davis,Total,171
Iowa,Decatur,Total,139
Iowa,Delaware,Total,520
Iowa,Des Moines,Total,1089
Iowa,Dickinson,Total,791
Iowa,Dubuque,Total,2762
Iowa,Emmet,Total,277
Iowa,Fayette,Total,521
Iowa,Floyd,Total,370
Iowa,Franklin,Total,288
Iowa,Fremont,Total,192
Iowa,Greene,Total,251
Iowa,Grundy,Total,290
Iowa,Guthrie,Total,306
Iowa,Hamilton,Total,363
Iowa,Hancock,Total,316
Iowa,Hardin,Total,513
Iowa,Harrison,Total,361
Iowa,Henry,Total,464
Iowa,Howard,Total,253
Iowa,Humboldt,Total,291
Iowa,Ida,Total,247
Iowa,Iowa,Total,462
Iowa,Jackson,Total,515
Iowa,Jasper,Total,763
Iowa,Jefferson,Total,651
Iowa,Johnson,Total,3424
Iowa,Jones,Total,510
Iowa,Keokuk,Total,219
Iowa,Kossuth,Total,554
Iowa,Lee,Total,825
Iowa,Linn,Total,5710
Iowa,Louisa,Total,221
Iowa,Lucas,Total,190
Iowa,Lyon,Total,391
Iowa,Madison,Total,418
Iowa,Mahaska,Total,552
Iowa,Marion,Total,862
Iowa,Marshall,Total,795
Iowa,Mills,Total,302
Iowa,Mitchell,Total,311
Iowa,Monona,Total,228
Iowa,Monroe,Total,177
Iowa,Montgomery,Total,304
Iowa,Muscatine,Total,929
Iowa,O'Brien,Total,489
Iowa,Osceola,Total,199
Iowa,Page,Total,393
Iowa,Palo Alto,Total,278
Iowa,Plymouth,Total,695
Iowa,Pocahontas,Total,210
Iowa,Polk,Total,13749
Iowa,Pottawattamie,Total,1973
Iowa,Poweshiek,Total,587
Iowa,Ringgold,Total,138
Iowa,Sac,Total,320
Iowa,Scott,Total,4480
Iowa,Shelby,Total,383
Iowa,Sioux,Total,1348
Iowa,Story,Total,2180
Iowa,Tama,Total,307
Iowa,Taylor,Total,141
Iowa,Union,Total,308
Iowa,Van Buren,Total,137
Iowa,Wapello,Total,700
Iowa,Warren,Total,966
Iowa,Washington,Total,692
Iowa,Wayne,Total,136
Iowa,Webster,Total,1005
Iowa,Winnebago,Total,308
Iowa,Winneshiek,Total,608
Iowa,Woodbury,Total,2591
Iowa,Worth,Total,176
Iowa,Wright,Total,369
Iowa,Statewide Iowa,Total,536
Kansas,Allen,Total,348
Kansas,Anderson,Total,188
Kansas,Atchison,Total,355
Kansas,Barber,Total,176
Kansas,Barton,Total,901
Kansas,Bourbon,Total,349
Kansas,Brown,Total,278
Kansas,Butler,Total,1327
Kansas,Chase,Total,65
Kansas,Chautauqua,Total,67
Kansas,Cherokee,Total,327
Kansas,Cheyenne,Total,107
Kansas,Clark,Total,62
Kansas,Clay,Total,272
Kansas,Cloud,Total,287
Kansas,Coffey,Total,210
Kansas,Comanche,Total,70
Kansas,Cowley,Total,686
Kansas,Crawford,Total,942
Kansas,Decatur,Total,93
Kansas,Dickinson,Total,438
Kansas,Doniphan,Total,152
Kansas,Douglas,Total,2743
Kansas,Edwards,Total,75
Kansas,Elk,Total,56
Kansas,Ellis,Total,1106
Kansas,Ellsworth,Total,164
Kansas,Finney,Total,1017
Kansas,Ford,Total,780
Kansas,Franklin,Total,552
Kansas,Geary,Total,582
Kansas,Gove,Total,129
Kansas,Graham,Total,86
Kansas,Grant,Total,214
Kansas,Gray,Total,237
Kansas,Greeley,Total,40
Kansas,Greenwood,Total,159
Kansas,Hamilton,Total,73
Kansas,Harper,Total,187
Kansas,Harvey,Total,747
Kansas,Haskell,Total,114
Kansas,Hodgeman,Total,46
Kansas,Jackson,Total,253
Kansas,Jefferson,Total,309
Kansas,Jewell,Total,80
Kansas,Johnson,Total,18623
Kansas,Kearny,Total,86
Kansas,Kingman,Total,216
Kansas,Kiowa,Total,85
Kansas,Labette,Total,439
Kansas,Lane,Total,64
Kansas,Leavenworth,Total,1273
Kansas,Lincoln,Total,82
Kansas,Linn,Total,198
Kansas,Logan,Total,106
Kansas,Lyon,Total,819
Kansas,McPherson,Total,897
Kansas,Marion,Total,261
Kansas,Marshall,Total,366
Kansas,Meade,Total,121
Kansas,Miami,Total,764
Kansas,Mitchell,Total,237
Kansas,Montgomery,Total,738
Kansas,Morris,Total,133
Kansas,Morton,Total,70
Kansas,Nemaha,Total,369
Kansas,Neosho,Total,421
Kansas,Ness,Total,125
Kansas,Norton,Total,179
Kansas,Osage,Total,242
Kansas,Osborne,Total,130
Kansas,Ottawa,Total,132
Kansas,Pawnee,Total,138
Kansas,Phillips,Total,224
Kansas,Pottawatomie,Total,652
Kansas,Pratt,Total,367
Kansas,Rawlins,Total,96
Kansas,Reno,Total,1578
Kansas,Republic,Total,173
Kansas,Rice,Total,257
Kansas,Riley,Total,1607
Kansas,Rooks,Total,171
Kansas,Rush,Total,93
Kansas,Russell,Total,249
Kansas,Saline,Total,1466
Kansas,Scott,Total,194
Kansas,Sedgwick,Total,12404
Kansas,Seward,Total,528
Kansas,Shawnee,Total,4023
Kansas,Sheridan,Total,108
Kansas,Sherman,Total,259
Kansas,Smith,Total,126
Kansas,Stafford,Total,117
Kansas,Stanton,Total,56
Kansas,Stevens,Total,134
Kansas,Sumner,Total,470
Kansas,Thomas,Total,332
Kansas,Trego,Total,118
Kansas,Wabaunsee,Total,128
Kansas,Wallace,Total,55
Kansas,Washington,Total,200
Kansas,Wichita,Total,88
Kansas,Wilson,Total,210
Kansas,Woodson,Total,75
Kansas,Wyandotte,Total,3107
Kansas,Statewide Kansas,Total,629
Kentucky,Adair,Total,321
Kentucky,Allen,Total,247
Kentucky,Anderson,Total,342
Kentucky,Ballard,Total,151
Kentucky,Barren,Total,812
Kentucky,Bath,Total,144
Kentucky,Bell,Total,455
Kentucky,Boone,Total,3153
Kentucky,Bourbon,Total,369
Kentucky,Boyd,Total,1200
Kentucky,Boyle,Total,766
Kentucky,Bracken,Total,90
Kentucky,Breathitt,Total,149
Kentucky,Breckinridge,Total,284
Kentucky,Bullitt,Total,1222
Kentucky,Butler,Total,182
Kentucky,Caldwell,Total,267
Kentucky,Calloway,Total,876
Kentucky,Campbell,Total,1715
Kentucky,Carlisle,Total,88
Kentucky,Carroll,Total,225
Kentucky,Carter,Total,403
Kentucky,Casey,Total,220
Kentucky,Christian,Total,1263
Kentucky,Clark,Total,757
Kentucky,Clay,Total,226
Kentucky,Clinton,Total,170
Kentucky,Crittenden,Total,149
Kentucky,Cumberland,Total,103
Kentucky,Daviess,Total,2378
Kentucky,Edmonson,Total,115
Kentucky,Elliott,Total,39
Kentucky,Estill,Total,174
Kentucky,Fayette,Total,8948
Kentucky,Fleming,Total,221
Kentucky,Floyd,Total,687
Kentucky,Franklin,Total,1203
Kentucky,Fulton,Total,118
Kentucky,Gallatin,Total,88
Kentucky,Garrard,Total,231
Kentucky,Grant,Total,368
Kentucky,Graves,Total,692
Kentucky,Grayson,Total,436
Kentucky,Green,Total,164
Kentucky,Greenup,Total,466
Kentucky,Hancock,Total,132
Kentucky,Hardin,Total,2219
Kentucky,Harlan,Total,354
Kentucky,Harrison,Total,278
Kentucky,Hart,Total,266
Kentucky,Henderson,Total,982
Kentucky,Henry,Total,209
Kentucky,Hickman,Total,75
Kentucky,Hopkins,Total,890
Kentucky,Jackson,Total,103
Kentucky,Jefferson,Total,20123
Kentucky,Jessamine,Total,1226
Kentucky,Johnson,Total,344
Kentucky,Kenton,Total,3214
Kentucky,Knott,Total,154
Kentucky,Knox,Total,455
Kentucky,Larue,Total,200
Kentucky,Laurel,Total,1202
Kentucky,Lawrence,Total,199
Kentucky,Lee,Total,92
Kentucky,Leslie,Total,98
Kentucky,Letcher,Total,276
Kentucky,Lewis,Total,125
Kentucky,Lincoln,Total,289
Kentucky,Livingston,Total,139
Kentucky,Logan,Total,472
Kentucky,Lyon,Total,162
Kentucky,McCracken,Total,2037
Kentucky,McCreary,Total,155
Kentucky,McLean,Total,160
Kentucky,Madison,Total,1736
Kentucky,Magoffin,Total,149
Kentucky,Marion,Total,340
Kentucky,Marshall,Total,698
Kentucky,Martin,Total,130
Kentucky,Mason,Total,416
Kentucky,Meade,Total,360
Kentucky,Menifee,Total,56
Kentucky,Mercer,Total,344
Kentucky,Metcalfe,Total,118
Kentucky,Monroe,Total,206
Kentucky,Montgomery,Total,546
Kentucky,Morgan,Total,145
Kentucky,Muhlenberg,Total,509
Kentucky,Nelson,Total,990
Kentucky,Nicholas,Total,73
Kentucky,Ohio,Total,356
Kentucky,Oldham,Total,1311
Kentucky,Owen,Total,124
Kentucky,Owsley,Total,39
Kentucky,Pendleton,Total,177
Kentucky,Perry,Total,546
Kentucky,Pike,Total,1094
Kentucky,Powell,Total,174
Kentucky,Pulaski,Total,1437
Kentucky,Robertson,Total,20
Kentucky,Rockcastle,Total,198
Kentucky,Rowan,Total,527
Kentucky,Russell,Total,337
Kentucky,Scott,Total,1001
Kentucky,Shelby,Total,1072
Kentucky,Simpson,Total,394
Kentucky,Spencer,Total,224
Kentucky,Taylor,Total,603
Kentucky,Todd,Total,195
Kentucky,Trigg,Total,218
Kentucky,Trimble,Total,75
Kentucky,Union,Total,248
Kentucky,Warren,Total,2913
Kentucky,Washington,Total,242
Kentucky,Wayne,Total,273
Kentucky,Webster,Total,206
Kentucky,Whitley,Total,607
Kentucky,Wolfe,Total,87
Kentucky,Woodford,Total,566
Kentucky,Statewide Kentucky,Total,743
Louisiana,Acadia Parish,Total,1131
Louisiana,Allen Parish,Total,303
Louisiana,Ascension Parish,Total,2530
Louisiana,Assumption Parish,Total,240
Louisiana,Avoyelles Parish,Total,689
Louisiana,Beauregard Parish,Total,622
Louisiana,Bienville Parish,Total,211
Louisiana,Bossier Parish,Total,2577
Louisiana,Caddo Parish,Total,6036
Louisiana,Calcasieu Parish,Total,4651
Louisiana,Caldwell Parish,Total,169
Louisiana,Cameron Parish,Total,131
Louisiana,Catahoula Parish,Total,172
Louisiana,Claiborne Parish,Total,201
Louisiana,Concordia Parish,Total,349
Louisiana,De Soto Parish,Total,430
Louisiana,East Baton Rouge Parish,Total,12559
Louisiana,East Carroll Parish,Total,108
Louisiana,East Feliciana Parish,Total,247
Louisiana,Evangeline Parish,Total,498
Louisiana,Franklin Parish,Total,404
Louisiana,Grant Parish,Total,196
Louisiana,Iberia Parish,Total,1490
Louisiana,Iberville Parish,Total,551
Louisiana,Jackson Parish,Total,240
Louisiana,Jefferson Parish,Total,11783
Louisiana,Jefferson Davis Parish,Total,655
Louisiana,Lafayette Parish,Total,8674
Louisiana,Lafourche Parish,Total,1695
Louisiana,La Salle Parish,Total,348
Louisiana,Lincoln Parish,Total,1140
Louisiana,Livingston Parish,Total,1988
Louisiana,Madison Parish,Total,180
Louisiana,Morehouse Parish,Total,431
Louisiana,Natchitoches Parish,Total,809
Louisiana,Orleans Parish,Total,9909
Louisiana,Ouachita Parish,Total,4209
Louisiana,Plaquemines Parish,Total,636
Louisiana,Pointe Coupee Parish,Total,343
Louisiana,Rapides Parish,Total,3133
Louisiana,Red River Parish,Total,125
Louisiana,Richland Parish,Total,422
Louisiana,Sabine Parish,Total,468
Louisiana,St. Bernard Parish,Total,686
Louisiana,St. Charles Parish,Total,984
Louisiana,St. Helena Parish,Total,113
Louisiana,St. James Parish,Total,330
Louisiana,St. John the Baptist Parish,Total,723
Louisiana,St. Landry Parish,Total,1572
Louisiana,St. Martin Parish,Total,936
Louisiana,St. Mary Parish,Total,1095
Louisiana,St. Tammany Parish,Total,6807
Louisiana,Tangipahoa Parish,Total,2598
Louisiana,Tensas Parish,Total,61
Louisiana,Terrebonne Parish,Total,2662
Louisiana,Union Parish,Total,348
Louisiana,Vermilion Parish,Total,966
Louisiana,Vernon Parish,Total,666
Louisiana,Washington Parish,Total,636
Louisiana,Webster Parish,Total,764
Louisiana,West Baton Rouge Parish,Total,585
Louisiana,West Carroll Parish,Total,166
Louisiana,West Feliciana Parish,Total,190
Louisiana,Winn Parish,Total,272
Louisiana,Statewide Louisiana,Total,621
Maine,Androscoggin,Total,2867
Maine,Aroostook,Total,1877
Maine,Cumberland,Total,12028
Maine,Franklin,Total,888
Maine,Hancock,Total,2333
Maine,Kennebec,Total,3216
Maine,Knox,Total,1803
Maine,Lincoln,Total,1399
Maine,Oxford,Total,1352
Maine,Penobscot,Total,4153
Maine,Piscataquis,Total,466
Maine,Sagadahoc,Total,980
Maine,Somerset,Total,1185
Maine,Waldo,Total,1012
Maine,Washington,Total,820
Maine,York,Total,5738
Maine,Statewide Maine,Total,402
Maryland,Allegany,Total,1472
Maryland,Anne Arundel,Total,14547
Maryland,Baltimore,Total,20243
Maryland,Calvert,Total,1734
Maryland,Caroline,Total,597
Maryland,Carroll,Total,4197
Maryland,Cecil,Total,1738
Maryland,Charles,Total,2710
Maryland,Dorchester,Total,658
Maryland,Frederick,Total,6348
Maryland,Garrett,Total,928
Maryland,Harford,Total,5559
Maryland,Howard,Total,9682
Maryland,Kent,Total,590
Maryland,Montgomery,Total,27586
Maryland,Prince George's,Total,16130
Maryland,Queen Anne's,Total,1401
Maryland,St. Mary's,Total,2009
Maryland,Somerset,Total,346
Maryland,Talbot,Total,1457
Maryland,Washington,Total,3434
Maryland,Wicomico,Total,2479
Maryland,Worcester,Total,2186
Maryland,Baltimore city,Total,12383
Maryland,Statewide Maryland,Total,803
Massachusetts,Barnstable,Total,8655
Massachusetts,Berkshire,Total,3740
Massachusetts,Bristol,Total,12904
Massachusetts,Dukes,Total,1174
Massachusetts,Essex,Total,19381
Massachusetts,Franklin,Total,1536
Massachusetts,Hampden,Total,9295
Massachusetts,Hampshire,Total,3436
Massachusetts,Middlesex,Total,44320
Massachusetts,Nantucket,Total,1199
Massachusetts,Norfolk,Total,20267
Massachusetts,Plymouth,Total,12953
Massachusetts,Suffolk,Total,21813
Massachusetts,Worcester,Total,18556
Massachusetts,Statewide Massachusetts,Total,859
Michigan,Alcona,Total,171
Michigan,Alger,Total,227
Michigan,Allegan,Total,2462
Michigan,Alpena,Total,801
Michigan,Antrim,Total,581
Michigan,Arenac,Total,319
Michigan,Baraga,Total,169
Michigan,Barry,Total,935
Michigan,Bay,Total,2028
Michigan,Benzie,Total,474
Michigan,Berrien,Total,3513
Michigan,Branch,Total,813
Michigan,Calhoun,Total,2414
Michigan,Cass,Total,764
Michigan,Charlevoix,Total,844
Michigan,Cheboygan,Total,743
Michigan,Chippewa,Total,778
Michigan,Clare,Total,567
Michigan,Clinton,Total,1354
Michigan,Crawford,Total,303
Michigan,Delta,Total,978
Michigan,Dickinson,Total,808
Michigan,Eaton,Total,2149
Michigan,Emmet,Total,1527
Michigan,Genesee,Total,7646
Michigan,Gladwin,Total,400
Michigan,Gogebic,Total,354
Michigan,Grand Traverse,Total,3435
Michigan,Gratiot,Total,721
Michigan,Hillsdale,Total,753
Michigan,Houghton,Total,873
Michigan,Huron,Total,887
Michigan,Ingham,Total,6085
Michigan,Ionia,Total,882
Michigan,Iosco,Total,608
Michigan,Iron,Total,349
Michigan,Isabella,Total,1375
Michigan,Jackson,Total,2962
Michigan,Kalamazoo,Total,5595
Michigan,Kalkaska,Total,339
Michigan,Kent,Total,17226
Michigan,Keweenaw,Total,62
Michigan,Lake,Total,158
Michigan,Lapeer,Total,1717
Michigan,Leelanau,Total,772
Michigan,Lenawee,Total,1764
Michigan,Livingston,Total,4360
Michigan,Luce,Total,165
Michigan,Mackinac,Total,450
Michigan,Macomb,Total,19119
Michigan,Manistee,Total,566
Michigan,Marquette,Total,1623
Michigan,Mason,Total,713
Michigan,Mecosta,Total,717
Michigan,Menominee,Total,447
Michigan,Midland,Total,1781
Michigan,Missaukee,Total,309
Michigan,Monroe,Total,2346
Michigan,Montcalm,Total,1033
Michigan,Montmorency,Total,208
Michigan,Muskegon,Total,3088
Michigan,Newaygo,Total,827
Michigan,Oakland,Total,39178
Michigan,Oceana,Total,477
Michigan,Ogemaw,Total,552
Michigan,Ontonagon,Total,167
Michigan,Osceola,Total,432
Michigan,Oscoda,Total,187
Michigan,Otsego,Total,820
Michigan,Ottawa,Total,6514
Michigan,Presque Isle,Total,313
Michigan,Roscommon,Total,536
Michigan,Saginaw,Total,4100
Michigan,St. Clair,Total,3049
Michigan,St. Joseph,Total,1125
Michigan,Sanilac,Total,811
Michigan,Schoolcraft,Total,217
Michigan,Shiawassee,Total,1134
Michigan,Tuscola,Total,814
Michigan,Van Buren,Total,1285
Michigan,Washtenaw,Total,8150
Michigan,Wayne,Total,33056
Michigan,Wexford,Total,894
Michigan,Statewide Michigan,Total,2428
Minnesota,Aitkin,Total,411
Minnesota,Anoka,Total,8226
Minnesota,Becker,Total,956
Minnesota,Beltrami,Total,1251
Minnesota,Benton,Total,929
Minnesota,Big Stone,Total,178
Minnesota,Blue Earth,Total,1941
Minnesota,Brown,Total,803
Minnesota,Carlton,Total,680
Minnesota,Carver,Total,2619
Minnesota,Cass,Total,867
Minnesota,Chippewa,Total,375
Minnesota,Chisago,Total,1334
Minnesota,Clay,Total,1325
Minnesota,Clearwater,Total,195
Minnesota,Cook,Total,289
Minnesota,Cottonwood,Total,339
Minnesota,Crow Wing,Total,2227
Minnesota,Dakota,Total,10770
Minnesota,Dodge,Total,403
Minnesota,Douglas,Total,1355
Minnesota,Faribault,Total,399
Minnesota,Fillmore,Total,586
Minnesota,Freeborn,Total,761
Minnesota,Goodhue,Total,1257
Minnesota,Grant,Total,208
Minnesota,Hennepin,Total,40630
Minnesota,Houston,Total,417
Minnesota,Hubbard,Total,602
Minnesota,Isanti,Total,952
Minnesota,Itasca,Total,1144
Minnesota,Jackson,Total,298
Minnesota,Kanabec,Total,303
Minnesota,Kandiyohi,Total,1401
Minnesota,Kittson,Total,145
Minnesota,Koochiching,Total,374
Minnesota,Lac qui Parle,Total,200
Minnesota,Lake,Total,316
Minnesota,Lake of the Woods,Total,167
Minnesota,Le Sueur,Total,719
Minnesota,Lincoln,Total,190
Minnesota,Lyon,Total,821
Minnesota,McLeod,Total,953
Minnesota,Mahnomen,Total,97
Minnesota,Marshall,Total,253
Minnesota,Martin,Total,601
Minnesota,Meeker,Total,593
Minnesota,Mille Lacs,Total,719
Minnesota,Morrison,Total,921
Minnesota,Mower,Total,804
Minnesota,Murray,Total,263
Minnesota,Nicollet,Total,695
Minnesota,Nobles,Total,578
Minnesota,Norman,Total,175
Minnesota,Olmsted,Total,3658
Minnesota,Otter Tail,Total,1727
Minnesota,Pennington,Total,368
Minnesota,Pine,Total,631
Minnesota,Pipestone,Total,308
Minnesota,Polk,Total,740
Minnesota,Pope,Total,375
Minnesota,Ramsey,Total,13624
Minnesota,Red Lake,Total,95
Minnesota,Redwood,Total,510
Minnesota,Renville,Total,460
Minnesota,Rice,Total,1539
Minnesota,Rock,Total,288
Minnesota,Roseau,Total,413
Minnesota,St. Louis,Total,5305
Minnesota,Scott,Total,3516
Minnesota,Sherburne,Total,2239
Minnesota,Sibley,Total,365
Minnesota,Stearns,Total,4406
Minnesota,Steele,Total,1011
Minnesota,Stevens,Total,313
Minnesota,Swift,Total,306
Minnesota,Todd,Total,562
Minnesota,Traverse,Total,117
Minnesota,Wabasha,Total,568
Minnesota,Wadena,Total,384
Minnesota,Waseca,Total,449
Minnesota,Washington,Total,6243
Minnesota,Watonwan,Total,293
Minnesota,Wilkin,Total,146
Minnesota,Winona,Total,1155
Minnesota,Wright,Total,3556
Minnesota,Yellow Medicine,Total,324
Minnesota,Statewide Minnesota,Total,827
Mississippi,Adams,Total,735
Mississippi,Alcorn,Total,779
Mississippi,Amite,Total,183
Mississippi,Attala,Total,340
Mississippi,Benton,Total,77
Mississippi,Bolivar,Total,680
Mississippi,Calhoun,Total,236
Mississippi,Carroll,Total,119
Mississippi,Chickasaw,Total,319
Mississippi,Choctaw,Total,126
Mississippi,Claiborne,Total,100
Mississippi,Clarke,Total,218
Mississippi,Clay,Total,336
Mississippi,Coahoma,Total,505
Mississippi,Copiah,Total,447
Mississippi,Covington,Total,328
Mississippi,DeSoto,Total,3186
Mississippi,Forrest,Total,1720
Mississippi,Franklin,Total,119
Mississippi,George,Total,335
Mississippi,Greene,Total,121
Mississippi,Grenada,Total,540
Mississippi,Hancock,Total,773
Mississippi,Harrison,Total,4274
Mississippi,Hinds,Total,5073
Mississippi,Holmes,Total,222
Mississippi,Humphreys,Total,133
Mississippi,Issaquena,Total,15
Mississippi,Itawamba,Total,387
Mississippi,Jackson,Total,2340
Mississippi,Jasper,Total,201
Mississippi,Jefferson,Total,64
Mississippi,Jefferson Davis,Total,127
Mississippi,Jones,Total,1296
Mississippi,Kemper,Total,110
Mississippi,Lafayette,Total,1360
Mississippi,Lamar,Total,1473
Mississippi,Lauderdale,Total,1796
Mississippi,Lawrence,Total,176
Mississippi,Leake,Total,318
Mississippi,Lee,Total,2536
Mississippi,Leflore,Total,664
Mississippi,Lincoln,Total,795
Mississippi,Lowndes,Total,1421
Mississippi,Madison,Total,3335
Mississippi,Marion,Total,576
Mississippi,Marshall,Total,489
Mississippi,Monroe,Total,603
Mississippi,Montgomery,Total,193
Mississippi,Neshoba,Total,500
Mississippi,Newton,Total,329
Mississippi,Noxubee,Total,199
Mississippi,Oktibbeha,Total,955
Mississippi,Panola,Total,603
Mississippi,Pearl River,Total,851
Mississippi,Perry,Total,139
Mississippi,Pike,Total,917
Mississippi,Pontotoc,Total,513
Mississippi,Prentiss,Total,487
Mississippi,Quitman,Total,107
Mississippi,Rankin,Total,3819
Mississippi,Scott,Total,480
Mississippi,Sharkey,Total,104
Mississippi,Simpson,Total,442
Mississippi,Smith,Total,160
Mississippi,Stone,Total,282
Mississippi,Sunflower,Total,414
Mississippi,Tallahatchie,Total,153
Mississippi,Tate,Total,388
Mississippi,Tippah,Total,374
Mississippi,Tishomingo,Total,376
Mississippi,Tunica,Total,175
Mississippi,Union,Total,520
Mississippi,Walthall,Total,206
Mississippi,Warren,Total,975
Mississippi,Washington,Total,1049
Mississippi,Wayne,Total,354
Mississippi,Webster,Total,161
Mississippi,Wilkinson,Total,122
Mississippi,Winston,Total,386
Mississippi,Yalobusha,Total,159
Mississippi,Yazoo,Total,347
Mississippi,Statewide Mississippi,Total,460
Missouri,Adair,Total,562
Missouri,Andrew,Total,281
Missouri,Atchison,Total,181
Missouri,Audrain,Total,510
Missouri,Barry,Total,723
Missouri,Barton,Total,233
Missouri,Bates,Total,350
Missouri,Benton,Total,393
Missouri,Bollinger,Total,205
Missouri,Boone,Total,4615
Missouri,Buchanan,Total,2066
Missouri,Butler,Total,1034
Missouri,Caldwell,Total,155
Missouri,Callaway,Total,746
Missouri,Camden,Total,1471
Missouri,Cape Girardeau,Total,2342
Missouri,Carroll,Total,202
Missouri,Carter,Total,148
Missouri,Cass,Total,2107
Missouri,Cedar,Total,303
Missouri,Chariton,Total,195
Missouri,Christian,Total,1999
Missouri,Clark,Total,140
Missouri,Clay,Total,5399
Missouri,Clinton,Total,375
Missouri,Cole,Total,2200
Missouri,Cooper,Total,385
Missouri,Crawford,Total,494
Missouri,Dade,Total,137
Missouri,Dallas,Total,293
Missouri,Daviess,Total,157
Missouri,DeKalb,Total,214
Missouri,Dent,Total,299
Missouri,Douglas,Total,203
Missouri,Dunklin,Total,659
Missouri,Franklin,Total,2677
Missouri,Gasconade,Total,400
Missouri,Gentry,Total,185
Missouri,Greene,Total,8558
Missouri,Grundy,Total,229
Missouri,Harrison,Total,181
Missouri,Henry,Total,575
Missouri,Hickory,Total,155
Missouri,Holt,Total,136
Missouri,Howard,Total,187
Missouri,Howell,Total,1113
Missouri,Iron,Total,196
Missouri,Jackson,Total,18253
Missouri,Jasper,Total,2805
Missouri,Jefferson,Total,3881
Missouri,Johnson,Total,945
Missouri,Knox,Total,97
Missouri,Laclede,Total,752
Missouri,Lafayette,Total,719
Missouri,Lawrence,Total,686
Missouri,Lewis,Total,184
Missouri,Lincoln,Total,975
Missouri,Linn,Total,295
Missouri,Livingston,Total,397
Missouri,McDonald,Total,313
Missouri,Macon,Total,348
Missouri,Madison,Total,254
Missouri,Maries,Total,129
Missouri,Marion,Total,817
Missouri,Mercer,Total,74
Missouri,Miller,Total,712
Missouri,Mississippi,Total,227
Missouri,Moniteau,Total,332
Missouri,Monroe,Total,167
Missouri,Montgomery,Total,248
Missouri,Morgan,Total,529
Missouri,New Madrid,Total,408
Missouri,Newton,Total,1247
Missouri,Nodaway,Total,484
Missouri,Oregon,Total,178
Missouri,Osage,Total,271
Missouri,Ozark,Total,156
Missouri,Pemiscot,Total,315
Missouri,Perry,Total,502
Missouri,Pettis,Total,1030
Missouri,Phelps,Total,1032
Missouri,Pike,Total,383
Missouri,Platte,Total,2538
Missouri,Polk,Total,607
Missouri,Pulaski,Total,659
Missouri,Putnam,Total,82
Missouri,Ralls,Total,219
Missouri,Randolph,Total,525
Missouri,Ray,Total,348
Missouri,Reynolds,Total,135
Missouri,Ripley,Total,293
Missouri,St. Charles,Total,8784
Missouri,St. Clair,Total,164
Missouri,Ste. Genevieve,Total,405
Missouri,St. Francois,Total,1394
Missouri,St. Louis,Total,30807
Missouri,Saline,Total,459
Missouri,Schuyler,Total,74
Missouri,Scotland,Total,132
Missouri,Scott,Total,1021
Missouri,Shannon,Total,150
Missouri,Shelby,Total,165
Missouri,Stoddard,Total,666
Missouri,Stone,Total,714
Missouri,Sullivan,Total,103
Missouri,Taney,Total,1906
Missouri,Texas,Total,437
Missouri,Vernon,Total,479
Missouri,Warren,Total,627
Missouri,Washington,Total,367
Missouri,Wayne,Total,216
Missouri,Webster,Total,697
Missouri,Worth,Total,49
Missouri,Wright,Total,401
Missouri,St. Louis city,Total,9373
Missouri,Statewide Missouri,Total,777
Montana,Beaverhead,Total,393
Montana,Big Horn,Total,190
Montana,Blaine,Total,132
Montana,Broadwater,Total,184
Montana,Carbon,Total,417
Montana,Carter,Total,28
Montana,Cascade,Total,2423
Montana,Chouteau,Total,147
Montana,Custer,Total,431
Montana,Daniels,Total,73
Montana,Dawson,Total,309
Montana,Deer Lodge,Total,295
Montana,Fallon,Total,128
Montana,Fergus,Total,432
Montana,Flathead,Total,4737
Montana,Gallatin,Total,6473
Montana,Garfield,Total,29
Montana,Glacier,Total,232
Montana,Golden Valley,Total,13
Montana,Granite,Total,110
Montana,Hill,Total,493
Montana,Jefferson,Total,322
Montana,Judith Basin,Total,57
Montana,Lake,Total,913
Montana,Lewis and Clark,Total,2493
Montana,Liberty,Total,69
Montana,Lincoln,Total,646
Montana,McCone,Total,54
Montana,Madison,Total,394
Montana,Meagher,Total,82
Montana,Mineral,Total,127
Montana,Missoula,Total,4704
Montana,Musselshell,Total,107
Montana,Park,Total,909
Montana,Petroleum,Total,11
Montana,Phillips,Total,136
Montana,Pondera,Total,178
Montana,Powder River,Total,75
Montana,Powell,Total,162
Montana,Prairie,Total,33
Montana,Ravalli,Total,1626
Montana,Richland,Total,510
Montana,Roosevelt,Total,209
Montana,Rosebud,Total,181
Montana,Sanders,Total,386
Montana,Sheridan,Total,157
Montana,Silver Bow,Total,1156
Montana,Stillwater,Total,251
Montana,Sweet Grass,Total,180
Montana,Teton,Total,223
Montana,Toole,Total,166
Montana,Treasure,Total,16
Montana,Valley,Total,264
Montana,Wheatland,Total,64
Montana,Wibaux,Total,29
Montana,Yellowstone,Total,5788
Montana,Statewide Montana,Total,369
Nebraska,Adams,Total,966
Nebraska,Antelope,Total,217
Nebraska,Arthur,Total,12
Nebraska,Banner,Total,6
Nebraska,Blaine,Total,13
Nebraska,Boone,Total,199
Nebraska,Box Butte,Total,294
Nebraska,Boyd,Total,57
Nebraska,Brown,Total,142
Nebraska,Buffalo,Total,1759
Nebraska,Burt,Total,186
Nebraska,Butler,Total,211
Nebraska,Cass,Total,598
Nebraska,Cedar,Total,302
Nebraska,Chase,Total,163
Nebraska,Cherry,Total,223
Nebraska,Cheyenne,Total,278
Nebraska,Clay,Total,183
Nebraska,Colfax,Total,250
Nebraska,Cuming,Total,338
Nebraska,Custer,Total,356
Nebraska,Dakota,Total,428
Nebraska,Dawes,Total,243
Nebraska,Dawson,Total,690
Nebraska,Deuel,Total,50
Nebraska,Dixon,Total,111
Nebraska,Dodge,Total,983
Nebraska,Douglas,Total,16393
Nebraska,Dundy,Total,58
Nebraska,Fillmore,Total,209
Nebraska,Franklin,Total,78
Nebraska,Frontier,Total,64
Nebraska,Furnas,Total,155
Nebraska,Gage,Total,656
Nebraska,Garden,Total,43
Nebraska,Garfield,Total,103
Nebraska,Gosper,Total,62
Nebraska,Grant,Total,27
Nebraska,Greeley,Total,77
Nebraska,Hall,Total,1847
Nebraska,Hamilton,Total,323
Nebraska,Harlan,Total,97
Nebraska,Hayes,Total,18
Nebraska,Hitchcock,Total,69
Nebraska,Holt,Total,427
Nebraska,Hooker,Total,25
Nebraska,Howard,Total,159
Nebraska,Jefferson,Total,216
Nebraska,Johnson,Total,102
Nebraska,Kearney,Total,181
Nebraska,Keith,Total,338
Nebraska,Keya Paha,Total,16
Nebraska,Kimball,Total,119
Nebraska,Knox,Total,257
Nebraska,Lancaster,Total,8794
Nebraska,Lincoln,Total,1033
Nebraska,Logan,Total,19
Nebraska,Loup,Total,16
Nebraska,McPherson,Total,7
Nebraska,Madison,Total,1232
Nebraska,Merrick,Total,236
Nebraska,Morrill,Total,111
Nebraska,Nance,Total,90
Nebraska,Nemaha,Total,178
Nebraska,Nuckolls,Total,169
Nebraska,Otoe,Total,457
Nebraska,Pawnee,Total,65
Nebraska,Perkins,Total,125
Nebraska,Phelps,Total,342
Nebraska,Pierce,Total,233
Nebraska,Platte,Total,1038
Nebraska,Polk,Total,138
Nebraska,Red Willow,Total,395
Nebraska,Richardson,Total,248
Nebraska,Rock,Total,47
Nebraska,Saline,Total,318
Nebraska,Sarpy,Total,3914
Nebraska,Saunders,Total,565
Nebraska,Scotts Bluff,Total,1039
Nebraska,Seward,Total,464
Nebraska,Sheridan,Total,153
Nebraska,Sherman,Total,87
Nebraska,Sioux,Total,15
Nebraska,Stanton,Total,110
Nebraska,Thayer,Total,211
Nebraska,Thomas,Total,25
Nebraska,Thurston,Total,130
Nebraska,Valley,Total,192
Nebraska,Washington,Total,631
Nebraska,Wayne,Total,246
Nebraska,Webster,Total,88
Nebraska,Wheeler,Total,20
Nebraska,York,Total,524
Nebraska,Statewide Nebraska,Total,460
Nevada,Churchill,Total,479
Nevada,Clark,Total,51465
Nevada,Douglas,Total,1672
Nevada,Elko,Total,1145
Nevada,Esmeralda,Total,10
Nevada,Eureka,Total,39
Nevada,Humboldt,Total,420
Nevada,Lander,Total,97
Nevada,Lincoln,Total,77
Nevada,Lyon,Total,836
Nevada,Mineral,Total,60
Nevada,Nye,Total,790
Nevada,Pershing,Total,61
Nevada,Storey,Total,88
Nevada,Washoe,Total,13559
Nevada,White Pine,Total,191
Nevada,Carson City,Total,1896
Nevada,Statewide Nevada,Total,620
New Hampshire,Belknap,Total,1870
New Hampshire,Carroll,Total,1879
New Hampshire,Cheshire,Total,1972
New Hampshire,Coos,Total,821
New Hampshire,Grafton,Total,2907
New Hampshire,Hillsborough,Total,11040
New Hampshire,Merrimack,Total,4184
New Hampshire,Rockingham,Total,9986
New Hampshire,Strafford,Total,2710
New Hampshire,Sullivan,Total,928
New Hampshire,Statewide New Hampshire,Total,528
New Jersey,Atlantic,Total,6145
New Jersey,Bergen,Total,31524
New Jersey,Burlington,Total,10438
New Jersey,Camden,Total,11459
New Jersey,Cape May,Total,3764
New Jersey,Cumberland,Total,2772
New Jersey,Essex,Total,19179
New Jersey,Gloucester,Total,6223
New Jersey,Hudson,Total,13888
New Jersey,Hunterdon,Total,3704
New Jersey,Mercer,Total,9706
New Jersey,Middlesex,Total,21897
New Jersey,Monmouth,Total,19326
New Jersey,Morris,Total,16298
New Jersey,Ocean,Total,14246
New Jersey,Passaic,Total,12000
New Jersey,Salem,Total,1139
New Jersey,Somerset,Total,9727
New Jersey,Sussex,Total,3133
New Jersey,Union,Total,13996
New Jersey,Warren,Total,2362
New Jersey,Statewide New Jersey,Total,1024
New Mexico,Bernalillo,Total,15998
New Mexico,Catron,Total,66
New Mexico,Chaves,Total,1351
New Mexico,Cibola,Total,286
New Mexico,Colfax,Total,371
New Mexico,Curry,Total,999
New Mexico,De Baca,Total,46
New Mexico,Dona Ana,Total,3761
New Mexico,Eddy,Total,1512
New Mexico,Grant,Total,534
New Mexico,Guadalupe,Total,86
New Mexico,Harding,Total,11
New Mexico,Hidalgo,Total,91
New Mexico,Lea,Total,1657
New Mexico,Lincoln,Total,679
New Mexico,Los Alamos,Total,373
New Mexico,Luna,Total,376
New Mexico,McKinley,Total,943
New Mexico,Mora,Total,44
New Mexico,Otero,Total,925
New Mexico,Quay,Total,206
New Mexico,Rio Arriba,Total,536
New Mexico,Roosevelt,Total,331
New Mexico,Sandoval,Total,1869
New Mexico,San Juan,Total,2455
New Mexico,San Miguel,Total,427
New Mexico,Santa Fe,Total,4831
New Mexico,Sierra,Total,215
New Mexico,Socorro,Total,225
New Mexico,Taos,Total,1057
New Mexico,Torrance,Total,204
New Mexico,Union,Total,86
New Mexico,Valencia,Total,957
New Mexico,Statewide New Mexico,Total,445
New York,Albany,Total,9328
New York,Allegany,Total,728
New York,Bronx,Total,18186
New York,Broome,Total,4003
New York,Cattaraugus,Total,1495
New York,Cayuga,Total,1531
New York,Chautauqua,Total,2664
New York,Chemung,Total,1643
New York,Chenango,Total,847
New York,Clinton,Total,1733
New York,Columbia,Total,1778
New York,Cortland,Total,980
New York,Delaware,Total,1085
New York,Dutchess,Total,7433
New York,Erie,Total,22416
New York,Essex,Total,1179
New York,Franklin,Total,921
New York,Fulton,Total,1138
New York,Genesee,Total,1226
New York,Greene,Total,1169
New York,Hamilton,Total,188
New York,Herkimer,Total,1081
New York,Jefferson,Total,2352
New York,Kings,Total,60330
New York,Lewis,Total,504
New York,Livingston,Total,1184
New York,Madison,Total,1274
New York,Monroe,Total,17417
New York,Montgomery,Total,1032
New York,Nassau,Total,48235
New York,New York,Total,96083
New York,Niagara,Total,4508
New York,Oneida,Total,4732
New York,Onondaga,Total,11269
New York,Ontario,Total,2881
New York,Orange,Total,9887
New York,Orleans,Total,653
New York,Oswego,Total,2085
New York,Otsego,Total,1281
New York,Putnam,Total,2897
New York,Queens,Total,49895
New York,Rensselaer,Total,3042
New York,Richmond,Total,9361
New York,Rockland,Total,10543
New York,St. Lawrence,Total,1815
New York,Saratoga,Total,5372
New York,Schenectady,Total,2924
New York,Schoharie,Total,559
New York,Schuyler,Total,379
New York,Seneca,Total,697
New York,Steuben,Total,1757
New York,Suffolk,Total,49818
New York,Sullivan,Total,1998
New York,Tioga,Total,729
New York,Tompkins,Total,2255
New York,Ulster,Total,4911
New York,Warren,Total,2215
New York,Washington,Total,1043
New York,Wayne,Total,1676
New York,Westchester,Total,31012
New York,Wyoming,Total,762
New York,Yates,Total,524
New York,Statewide New York,Total,1115
North Carolina,Alamance,Total,3493
North Carolina,Alexander,Total,582
North Carolina,Alleghany,Total,258
North Carolina,Anson,Total,380
North Carolina,Ashe,Total,547
North Carolina,Avery,Total,510
North Carolina,Beaufort,Total,1097
North Carolina,Bertie,Total,281
North Carolina,Bladen,Total,531
North Carolina,Brunswick,Total,2792
North Carolina,Buncombe,Total,9401
North Carolina,Burke,Total,1490
North Carolina,Cabarrus,Total,4966
North Carolina,Caldwell,Total,1365
North Carolina,Camden,Total,123
North Carolina,Carteret,Total,2108
North Carolina,Caswell,Total,241
North Carolina,Catawba,Total,4261
North Carolina,Chatham,Total,1581
North Carolina,Cherokee,Total,607
North Carolina,Chowan,Total,359
North Carolina,Clay,Total,226
North Carolina,Cleveland,Total,1974
North Carolina,Columbus,Total,952
North Carolina,Craven,Total,2187
North Carolina,Cumberland,Total,5832
North Carolina,Currituck,Total,692
North Carolina,Dare,Total,2000
North Carolina,Davidson,Total,2860
North Carolina,Davie,Total,859
North Carolina,Duplin,Total,878
North Carolina,Durham,Total,7914
North Carolina,Edgecombe,Total,716
North Carolina,Forsyth,Total,8828
North Carolina,Franklin,Total,1150
North Carolina,Gaston,Total,4468
North Carolina,Gates,Total,120
North Carolina,Graham,Total,162
North Carolina,Granville,Total,917
North Carolina,Greene,Total,284
North Carolina,Guilford,Total,14096
North Carolina,Halifax,Total,930
North Carolina,Harnett,Total,1836
North Carolina,Haywood,Total,1451
North Carolina,Henderson,Total,2947
North Carolina,Hertford,Total,463
North Carolina,Hoke,Total,491
North Carolina,Hyde,Total,148
North Carolina,Iredell,Total,5184
North Carolina,Jackson,Total,1036
North Carolina,Johnston,Total,3768
North Carolina,Jones,Total,133
North Carolina,Lee,Total,1390
North Carolina,Lenoir,Total,1179
North Carolina,Lincoln,Total,1909
North Carolina,McDowell,Total,809
North Carolina,Macon,Total,1213
North Carolina,Madison,Total,369
North Carolina,Martin,Total,425
North Carolina,Mecklenburg,Total,35062
North Carolina,Mitchell,Total,376
North Carolina,Montgomery,Total,502
North Carolina,Moore,Total,2386
North Carolina,Nash,Total,2085
North Carolina,New Hanover,Total,8184
North Carolina,Northampton,Total,256
North Carolina,Onslow,Total,3004
North Carolina,Orange,Total,3330
North Carolina,Pamlico,Total,245
North Carolina,Pasquotank,Total,918
North Carolina,Pender,Total,1278
North Carolina,Perquimans,Total,183
North Carolina,Person,Total,704
North Carolina,Pitt,Total,3718
North Carolina,Polk,Total,467
North Carolina,Randolph,Total,2587
North Carolina,Richmond,Total,797
North Carolina,Robeson,Total,1795
North Carolina,Rockingham,Total,1614
North Carolina,Rowan,Total,2766
North Carolina,Rutherford,Total,1242
North Carolina,Sampson,Total,1005
North Carolina,Scotland,Total,612
North Carolina,Stanly,Total,1388
North Carolina,Stokes,Total,654
North Carolina,Surry,Total,1624
North Carolina,Swain,Total,399
North Carolina,Transylvania,Total,930
North Carolina,Tyrrell,Total,67
North Carolina,Union,Total,5373
North Carolina,Vance,Total,850
North Carolina,Wake,Total,32026
North Carolina,Warren,Total,273
North Carolina,Washington,Total,224
North Carolina,Watauga,Total,1679
North Carolina,Wayne,Total,2152
North Carolina,Wilkes,Total,1150
North Carolina,Wilson,Total,1816
North Carolina,Yadkin,Total,617
North Carolina,Yancey,Total,342
North Carolina,Statewide North Carolina,Total,1009
North Dakota,Adams,Total,90
North Dakota,Barnes,Total,348
North Dakota,Benson,Total,74
North Dakota,Billings,Total,61
North Dakota,Bottineau,Total,255
North Dakota,Bowman,Total,153
North Dakota,Burke,Total,75
North Dakota,Burleigh,Total,3121
North Dakota,Cass,Total,5804
North Dakota,Cavalier,Total,131
North Dakota,Dickey,Total,194
North Dakota,Divide,Total,83
North Dakota,Dunn,Total,187
North Dakota,Eddy,Total,75
North Dakota,Emmons,Total,120
North Dakota,Foster,Total,138
North Dakota,Golden Valley,Total,72
North Dakota,Grand Forks,Total,1896
North Dakota,Grant,Total,78
North Dakota,Griggs,Total,84
North Dakota,Hettinger,Total,91
North Dakota,Kidder,Total,77
North Dakota,LaMoure,Total,150
North Dakota,Logan,Total,65
North Dakota,McHenry,Total,137
North Dakota,McIntosh,Total,116
North Dakota,McKenzie,Total,556
North Dakota,McLean,Total,259
North Dakota,Mercer,Total,242
North Dakota,Morton,Total,886
North Dakota,Mountrail,Total,374
North Dakota,Nelson,Total,121
North Dakota,Oliver,Total,47
North Dakota,Pembina,Total,250
North Dakota,Pierce,Total,162
North Dakota,Ramsey,Total,430
North Dakota,Ransom,Total,206
North Dakota,Renville,Total,105
North Dakota,Richland,Total,521
North Dakota,Rolette,Total,201
North Dakota,Sargent,Total,112
North Dakota,Sheridan,Total,40
North Dakota,Sioux,Total,30
North Dakota,Slope,Total,16
North Dakota,Stark,Total,1183
North Dakota,Steele,Total,60
North Dakota,Stutsman,Total,633
North Dakota,Towner,Total,83
North Dakota,Traill,Total,286
North Dakota,Walsh,Total,368
North Dakota,Ward,Total,1980
North Dakota,Wells,Total,169
North Dakota,Williams,Total,1577
North Dakota,Statewide North Dakota,Total,244
Ohio,Adams,Total,396
Ohio,Allen,Total,2284
Ohio,Ashland,Total,1036
Ohio,Ashtabula,Total,1819
Ohio,Athens,Total,1033
Ohio,Auglaize,Total,987
Ohio,Belmont,Total,1353
Ohio,Brown,Total,565
Ohio,Butler,Total,7386
Ohio,Carroll,Total,459
Ohio,Champaign,Total,567
Ohio,Clark,Total,2186
Ohio,Clermont,Total,3663
Ohio,Clinton,Total,695
Ohio,Columbiana,Total,1919
Ohio,Coshocton,Total,612
Ohio,Crawford,Total,771
Ohio,Cuyahoga,Total,31738
Ohio,Darke,Total,1138
Ohio,Defiance,Total,816
Ohio,Delaware,Total,5043
Ohio,Erie,Total,1783
Ohio,Fairfield,Total,2737
Ohio,Fayette,Total,562
Ohio,Franklin,Total,30187
Ohio,Fulton,Total,934
Ohio,Gallia,Total,557
Ohio,Geauga,Total,2761
Ohio,Greene,Total,3272
Ohio,Guernsey,Total,812
Ohio,Hamilton,Total,20857
Ohio,Hancock,Total,1672
Ohio,Hardin,Total,420
Ohio,Harrison,Total,258
Ohio,Henry,Total,572
Ohio,Highland,Total,695
Ohio,Hocking,Total,492
Ohio,Holmes,Total,1352
Ohio,Huron,Total,1082
Ohio,Jackson,Total,597
Ohio,Jefferson,Total,1163
Ohio,Knox,Total,1093
Ohio,Lake,Total,5513
Ohio,Lawrence,Total,797
Ohio,Licking,Total,3146
Ohio,Logan,Total,827
Ohio,Lorain,Total,5574
Ohio,Lucas,Total,9394
Ohio,Madison,Total,711
Ohio,Mahoning,Total,5268
Ohio,Marion,Total,1070
Ohio,Medina,Total,4033
Ohio,Meigs,Total,318
Ohio,Mercer,Total,1034
Ohio,Miami,Total,2108
Ohio,Monroe,Total,259
Ohio,Montgomery,Total,10993
Ohio,Morgan,Total,162
Ohio,Morrow,Total,438
Ohio,Muskingum,Total,1665
Ohio,Noble,Total,218
Ohio,Ottawa,Total,1023
Ohio,Paulding,Total,307
Ohio,Perry,Total,450
Ohio,Pickaway,Total,813
Ohio,Pike,Total,406
Ohio,Portage,Total,3047
Ohio,Preble,Total,661
Ohio,Putnam,Total,730
Ohio,Richland,Total,2599
Ohio,Ross,Total,1233
Ohio,Sandusky,Total,1276
Ohio,Scioto,Total,1226
Ohio,Seneca,Total,1014
Ohio,Shelby,Total,974
Ohio,Stark,Total,8029
Ohio,Summit,Total,13393
Ohio,Trumbull,Total,3788
Ohio,Tuscarawas,Total,2080
Ohio,Union,Total,1119
Ohio,Van Wert,Total,527
Ohio,Vinton,Total,148
Ohio,Warren,Total,4547
Ohio,Washington,Total,1338
Ohio,Wayne,Total,2519
Ohio,Williams,Total,782
Ohio,Wood,Total,2759
Ohio,Wyandot,Total,493
Ohio,Statewide Ohio,Total,1108
Oklahoma,Adair,Total,236
Oklahoma,Alfalfa,Total,118
Oklahoma,Atoka,Total,260
Oklahoma,Beaver,Total,141
Oklahoma,Beckham,Total,728
Oklahoma,Blaine,Total,235
Oklahoma,Bryan,Total,875
Oklahoma,Caddo,Total,443
Oklahoma,Canadian,Total,2904
Oklahoma,Carter,Total,1572
Oklahoma,Cherokee,Total,768
Oklahoma,Choctaw,Total,294
Oklahoma,Cimarron,Total,66
Oklahoma,Cleveland,Total,6009
Oklahoma,Coal,Total,77
Oklahoma,Comanche,Total,2126
Oklahoma,Cotton,Total,82
Oklahoma,Craig,Total,358
Oklahoma,Creek,Total,1374
Oklahoma,Custer,Total,915
Oklahoma,Delaware,Total,779
Oklahoma,Dewey,Total,168
Oklahoma,Ellis,Total,114
Oklahoma,Garfield,Total,1552
Oklahoma,Garvin,Total,716
Oklahoma,Grady,Total,1132
Oklahoma,Grant,Total,119
Oklahoma,Greer,Total,70
Oklahoma,Harmon,Total,49
Oklahoma,Harper,Total,87
Oklahoma,Haskell,Total,210
Oklahoma,Hughes,Total,196
Oklahoma,Jackson,Total,517
Oklahoma,Jefferson,Total,105
Oklahoma,Johnston,Total,172
Oklahoma,Kay,Total,1045
Oklahoma,Kingfisher,Total,488
Oklahoma,Kiowa,Total,171
Oklahoma,Latimer,Total,154
Oklahoma,Le Flore,Total,795
Oklahoma,Lincoln,Total,576
Oklahoma,Logan,Total,858
Oklahoma,Love,Total,162
Oklahoma,McClain,Total,932
Oklahoma,McCurtain,Total,627
Oklahoma,McIntosh,Total,341
Oklahoma,Major,Total,246
Oklahoma,Marshall,Total,311
Oklahoma,Mayes,Total,806
Oklahoma,Murray,Total,281
Oklahoma,Muskogee,Total,1346
Oklahoma,Noble,Total,201
Oklahoma,Nowata,Total,150
Oklahoma,Okfuskee,Total,168
Oklahoma,Oklahoma,Total,24455
Oklahoma,Okmulgee,Total,637
Oklahoma,Osage,Total,619
Oklahoma,Ottawa,Total,565
Oklahoma,Pawnee,Total,252
Oklahoma,Payne,Total,1838
Oklahoma,Pittsburg,Total,904
Oklahoma,Pontotoc,Total,947
Oklahoma,Pottawatomie,Total,1258
Oklahoma,Pushmataha,Total,188
Oklahoma,Roger Mills,Total,76
Oklahoma,Rogers,Total,1856
Oklahoma,Seminole,Total,429
Oklahoma,Sequoyah,Total,586
Oklahoma,Stephens,Total,1065
Oklahoma,Texas,Total,471
Oklahoma,Tillman,Total,120
Oklahoma,Tulsa,Total,19268
Oklahoma,Wagoner,Total,1024
Oklahoma,Washington,Total,1139
Oklahoma,Washita,Total,216
Oklahoma,Woods,Total,264
Oklahoma,Woodward,Total,761
Oklahoma,Statewide Oklahoma,Total,588
Oregon,Baker,Total,524
Oregon,Benton,Total,2162
Oregon,Clackamas,Total,12364
Oregon,Clatsop,Total,1558
Oregon,Columbia,Total,1008
Oregon,Coos,Total,1609
Oregon,Crook,Total,612
Oregon,Curry,Total,712
Oregon,Deschutes,Total,8205
Oregon,Douglas,Total,2631
Oregon,Gilliam,Total,69
Oregon,Grant,Total,220
Oregon,Harney,Total,210
Oregon,Hood River,Total,1026
Oregon,Jackson,Total,6541
Oregon,Jefferson,Total,427
Oregon,Josephine,Total,2102
Oregon,Klamath,Total,1548
Oregon,Lake,Total,182
Oregon,Lane,Total,10057
Oregon,Lincoln,Total,1579
Oregon,Linn,Total,2752
Oregon,Malheur,Total,700
Oregon,Marion,Total,8851
Oregon,Morrow,Total,200
Oregon,Multnomah,Total,27654
Oregon,Polk,Total,1561
Oregon,Sherman,Total,63
Oregon,Tillamook,Total,742
Oregon,Umatilla,Total,1571
Oregon,Union,Total,755
Oregon,Wallowa,Total,364
Oregon,Wasco,Total,704
Oregon,Washington,Total,16077
Oregon,Wheeler,Total,28
Oregon,Yamhill,Total,2656
Oregon,Statewide Oregon,Total,680
Pennsylvania,Adams,Total,1920
Pennsylvania,Allegheny,Total,33552
Pennsylvania,Armstrong,Total,1261
Pennsylvania,Beaver,Total,3311
Pennsylvania,Bedford,Total,1040
Pennsylvania,Berks,Total,8378
Pennsylvania,Blair,Total,3151
Pennsylvania,Bradford,Total,1306
Pennsylvania,Bucks,Total,19656
Pennsylvania,Butler,Total,4962
Pennsylvania,Cambria,Total,2978
Pennsylvania,Cameron,Total,115
Pennsylvania,Carbon,Total,1162
Pennsylvania,Centre,Total,3294
Pennsylvania,Chester,Total,14927
Pennsylvania,Clarion,Total,931
Pennsylvania,Clearfield,Total,1891
Pennsylvania,Clinton,Total,789
Pennsylvania,Columbia,Total,1399
Pennsylvania,Crawford,Total,1913
Pennsylvania,Cumberland,Total,6334
Pennsylvania,Dauphin,Total,6973
Pennsylvania,Delaware,Total,13190
Pennsylvania,Elk,Total,902
Pennsylvania,Erie,Total,6096
Pennsylvania,Fayette,Total,2507
Pennsylvania,Forest,Total,99
Pennsylvania,Franklin,Total,3107
Pennsylvania,Fulton,Total,250
Pennsylvania,Greene,Total,683
Pennsylvania,Huntingdon,Total,827
Pennsylvania,Indiana,Total,1775
Pennsylvania,Jefferson,Total,1081
Pennsylvania,Juniata,Total,497
Pennsylvania,Lackawanna,Total,5156
Pennsylvania,Lancaster,Total,13514
Pennsylvania,Lawrence,Total,1875
Pennsylvania,Lebanon,Total,2733
Pennsylvania,Lehigh,Total,8682
Pennsylvania,Luzerne,Total,7095
Pennsylvania,Lycoming,Total,2701
Pennsylvania,McKean,Total,932
Pennsylvania,Mercer,Total,2633
Pennsylvania,Mifflin,Total,988
Pennsylvania,Monroe,Total,3473
Pennsylvania,Montgomery,Total,26581
Pennsylvania,Montour,Total,446
Pennsylvania,Northampton,Total,6455
Pennsylvania,Northumberland,Total,1618
Pennsylvania,Perry,Total,784
Pennsylvania,Philadelphia,Total,30007
Pennsylvania,Pike,Total,978
Pennsylvania,Potter,Total,362
Pennsylvania,Schuylkill,Total,2675
Pennsylvania,Snyder,Total,879
Pennsylvania,Somerset,Total,1595
Pennsylvania,Sullivan,Total,158
Pennsylvania,Susquehanna,Total,809
Pennsylvania,Tioga,Total,864
Pennsylvania,Union,Total,934
Pennsylvania,Venango,Total,1153
Pennsylvania,Warren,Total,849
Pennsylvania,Washington,Total,5205
Pennsylvania,Wayne,Total,1303
Pennsylvania,Westmoreland,Total,8356
Pennsylvania,Wyoming,Total,648
Pennsylvania,York,Total,8648
Pennsylvania,Statewide Pennsylvania,Total,1287
Rhode Island,Bristol,Total,1309
Rhode Island,Kent,Total,4678
Rhode Island,Newport,Total,2784
Rhode Island,Providence,Total,16116
Rhode Island,Washington,Total,3724
Rhode Island,Statewide Rhode Island,Total,378
South Carolina,Abbeville,Total,334
South Carolina,Aiken,Total,2951
South Carolina,Allendale,Total,115
South Carolina,Anderson,Total,3980
South Carolina,Bamberg,Total,245
South Carolina,Barnwell,Total,327
South Carolina,Beaufort,Total,5814
South Carolina,Berkeley,Total,3810
South Carolina,Calhoun,Total,246
South Carolina,Charleston,Total,14841
South Carolina,Cherokee,Total,922
South Carolina,Chester,Total,545
South Carolina,Chesterfield,Total,685
South Carolina,Clarendon,Total,488
South Carolina,Colleton,Total,752
South Carolina,Darlington,Total,1082
South Carolina,Dillon,Total,464
South Carolina,Dorchester,Total,2676
South Carolina,Edgefield,Total,334
South Carolina,Fairfield,Total,338
South Carolina,Florence,Total,3192
South Carolina,Georgetown,Total,1899
South Carolina,Greenville,Total,14645
South Carolina,Greenwood,Total,1338
South Carolina,Hampton,Total,301
South Carolina,Horry,Total,9911
South Carolina,Jasper,Total,759
South Carolina,Kershaw,Total,1147
South Carolina,Lancaster,Total,1627
South Carolina,Laurens,Total,939
South Carolina,Lee,Total,202
South Carolina,Lexington,Total,7139
South Carolina,McCormick,Total,100
South Carolina,Marion,Total,487
South Carolina,Marlboro,Total,308
South Carolina,Newberry,Total,771
South Carolina,Oconee,Total,1646
South Carolina,Orangeburg,Total,1599
South Carolina,Pickens,Total,2127
South Carolina,Richland,Total,9352
South Carolina,Saluda,Total,241
South Carolina,Spartanburg,Total,6937
South Carolina,Sumter,Total,1792
South Carolina,Union,Total,399
South Carolina,Williamsburg,Total,475
South Carolina,York,Total,5774
South Carolina,Statewide South Carolina,Total,840
South Dakota,Aurora,Total,75
South Dakota,Beadle,Total,568
South Dakota,Bennett,Total,61
South Dakota,Bon Homme,Total,168
South Dakota,Brookings,Total,937
South Dakota,Brown,Total,1256
South Dakota,Brule,Total,215
South Dakota,Buffalo,Total,10
South Dakota,Butte,Total,335
South Dakota,Campbell,Total,53
South Dakota,Charles Mix,Total,288
South Dakota,Clark,Total,126
South Dakota,Clay,Total,304
South Dakota,Codington,Total,1167
South Dakota,Corson,Total,38
South Dakota,Custer,Total,310
South Dakota,Davison,Total,707
South Dakota,Day,Total,205
South Dakota,Deuel,Total,137
South Dakota,Dewey,Total,83
South Dakota,Douglas,Total,100
South Dakota,Edmunds,Total,122
South Dakota,Fall River,Total,206
South Dakota,Faulk,Total,65
South Dakota,Grant,Total,290
South Dakota,Gregory,Total,178
South Dakota,Haakon,Total,81
South Dakota,Hamlin,Total,191
South Dakota,Hand,Total,128
South Dakota,Hanson,Total,76
South Dakota,Harding,Total,45
South Dakota,Hughes,Total,650
South Dakota,Hutchinson,Total,229
South Dakota,Hyde,Total,42
South Dakota,Jackson,Total,51
South Dakota,Jerauld,Total,74
South Dakota,Jones,Total,52
South Dakota,Kingsbury,Total,167
South Dakota,Lake,Total,355
South Dakota,Lawrence,Total,1154
South Dakota,Lincoln,Total,1908
South Dakota,Lyman,Total,75
South Dakota,McCook,Total,185
South Dakota,McPherson,Total,60
South Dakota,Marshall,Total,143
South Dakota,Meade,Total,745
South Dakota,Mellette,Total,18
South Dakota,Miner,Total,78
South Dakota,Minnehaha,Total,6026
South Dakota,Moody,Total,165
South Dakota,Oglala Lakota,Total,82
South Dakota,Pennington,Total,3950
South Dakota,Perkins,Total,125
South Dakota,Potter,Total,103
South Dakota,Roberts,Total,229
South Dakota,Sanborn,Total,61
South Dakota,Spink,Total,186
South Dakota,Stanley,Total,117
South Dakota,Sully,Total,71
South Dakota,Todd,Total,54
South Dakota,Tripp,Total,195
South Dakota,Turner,Total,253
South Dakota,Union,Total,538
South Dakota,Walworth,Total,214
South Dakota,Yankton,Total,717
South Dakota,Ziebach,Total,41
South Dakota,Statewide South Dakota,Total,313
Tennessee,Anderson,Total,1573
Tennessee,Bedford,Total,846
Tennessee,Benton,Total,288
Tennessee,Bledsoe,Total,112
Tennessee,Blount,Total,2428
Tennessee,Bradley,Total,2011
Tennessee,Campbell,Total,565
Tennessee,Cannon,Total,206
Tennessee,Carroll,Total,426
Tennessee,Carter,Total,737
Tennessee,Cheatham,Total,651
Tennessee,Chester,Total,257
Tennessee,Claiborne,Total,451
Tennessee,Clay,Total,105
Tennessee,Cocke,Total,451
Tennessee,Coffee,Total,1268
Tennessee,Crockett,Total,241
Tennessee,Cumberland,Total,1115
Tennessee,Davidson,Total,21052
Tennessee,Decatur,Total,214
Tennessee,DeKalb,Total,308
Tennessee,Dickson,Total,1047
Tennessee,Dyer,Total,783
Tennessee,Fayette,Total,697
Tennessee,Fentress,Total,275
Tennessee,Franklin,Total,717
Tennessee,Gibson,Total,909
Tennessee,Giles,Total,533
Tennessee,Grainger,Total,245
Tennessee,Greene,Total,1200
Tennessee,Grundy,Total,161
Tennessee,Hamblen,Total,1311
Tennessee,Hamilton,Total,9543
Tennessee,Hancock,Total,57
Tennessee,Hardeman,Total,339
Tennessee,Hardin,Total,510
Tennessee,Hawkins,Total,601
Tennessee,Haywood,Total,293
Tennessee,Henderson,Total,493
Tennessee,Henry,Total,682
Tennessee,Hickman,Total,289
Tennessee,Houston,Total,100
Tennessee,Humphreys,Total,342
Tennessee,Jackson,Total,118
Tennessee,Jefferson,Total,741
Tennessee,Johnson,Total,241
Tennessee,Knox,Total,12035
Tennessee,Lake,Total,62
Tennessee,Lauderdale,Total,284
Tennessee,Lawrence,Total,757
Tennessee,Lewis,Total,220
Tennessee,Lincoln,Total,579
Tennessee,Loudon,Total,974
Tennessee,McMinn,Total,929
Tennessee,McNairy,Total,423
Tennessee,Macon,Total,317
Tennessee,Madison,Total,2547
Tennessee,Marion,Total,435
Tennessee,Marshall,Total,532
Tennessee,Maury,Total,1955
Tennessee,Meigs,Total,102
Tennessee,Monroe,Total,727
Tennessee,Montgomery,Total,3220
Tennessee,Moore,Total,81
Tennessee,Morgan,Total,154
Tennessee,Obion,Total,630
Tennessee,Overton,Total,339
Tennessee,Perry,Total,111
Tennessee,Pickett,Total,79
Tennessee,Polk,Total,229
Tennessee,Putnam,Total,1873
Tennessee,Rhea,Total,491
Tennessee,Roane,Total,739
Tennessee,Robertson,Total,1273
Tennessee,Rutherford,Total,5833
Tennessee,Scott,Total,321
Tennessee,Sequatchie,Total,189
Tennessee,Sevier,Total,2981
Tennessee,Shelby,Total,19909
Tennessee,Smith,Total,291
Tennessee,Stewart,Total,165
Tennessee,Sullivan,Total,3338
Tennessee,Sumner,Total,3556
Tennessee,Tipton,Total,723
Tennessee,Trousdale,Total,112
Tennessee,Unicoi,Total,236
Tennessee,Union,Total,218
Tennessee,Van Buren,Total,47
Tennessee,Warren,Total,741
Tennessee,Washington,Total,2966
Tennessee,Wayne,Total,217
Tennessee,Weakley,Total,554
Tennessee,White,Total,407
Tennessee,Williamson,Total,8041
Tennessee,Wilson,Total,3051
Tennessee,Statewide Tennessee,Total,932
Texas,Anderson,Total,865
Texas,Andrews,Total,425
Texas,Angelina,Total,1886
Texas,Aransas,Total,537
Texas,Archer,Total,225
Texas,Armstrong,Total,45
Texas,Atascosa,Total,811
Texas,Austin,Total,677
Texas,Bailey,Total,139
Texas,Bandera,Total,404
Texas,Bastrop,Total,1551
Texas,Baylor,Total,103
Texas,Bee,Total,457
Texas,Bell,Total,5596
Texas,Bexar,Total,38060
Texas,Blanco,Total,380
Texas,Borden,Total,8
Texas,Bosque,Total,300
Texas,Bowie,Total,2231
Texas,Brazoria,Total,6224
Texas,Brazos,Total,4690
Texas,Brewster,Total,284
Texas,Briscoe,Total,35
Texas,Brooks,Total,104
Texas,Brown,Total,849
Texas,Burleson,Total,336
Texas,Burnet,Total,1430
Texas,Caldwell,Total,675
Texas,Calhoun,Total,454
Texas,Callahan,Total,240
Texas,Cameron,Total,6569
Texas,Camp,Total,221
Texas,Carson,Total,131
Texas,Cass,Total,518
Texas,Castro,Total,159
Texas,Chambers,Total,737
Texas,Cherokee,Total,787
Texas,Childress,Total,169
Texas,Clay,Total,150
Texas,Cochran,Total,37
Texas,Coke,Total,56
Texas,Coleman,Total,188
Texas,Collin,Total,28370
Texas,Collingsworth,Total,69
Texas,Colorado,Total,551
Texas,Comal,Total,4440
Texas,Comanche,Total,269
Texas,Concho,Total,45
Texas,Cooke,Total,942
Texas,Coryell,Total,776
Texas,Cottle,Total,24
Texas,Crane,Total,88
Texas,Crockett,Total,117
Texas,Crosby,Total,86
Texas,Culberson,Total,57
Texas,Dallam,Total,211
Texas,Dallas,Total,69959
Texas,Dawson,Total,272
Texas,Deaf Smith,Total,351
Texas,Delta,Total,57
Texas,Denton,Total,17919
Texas,DeWitt,Total,443
Texas,Dickens,Total,36
Texas,Dimmit,Total,215
Texas,Donley,Total,73
Texas,Duval,Total,140
Texas,Eastland,Total,471
Texas,Ector,Total,3782
Texas,Edwards,Total,42
Texas,Ellis,Total,3563
Texas,El Paso,Total,15498
Texas,Erath,Total,1040
Texas,Falls,Total,229
Texas,Fannin,Total,524
Texas,Fayette,Total,763
Texas,Fisher,Total,65
Texas,Floyd,Total,133
Texas,Foard,Total,26
Texas,Fort Bend,Total,16335
Texas,Franklin,Total,172
Texas,Freestone,Total,341
Texas,Frio,Total,312
Texas,Gaines,Total,485
Texas,Galveston,Total,6275
Texas,Garza,Total,123
Texas,Gillespie,Total,1124
Texas,Glasscock,Total,37
Texas,Goliad,Total,128
Texas,Gonzales,Total,406
Texas,Gray,Total,507
Texas,Grayson,Total,2715
Texas,Gregg,Total,4043
Texas,Grimes,Total,474
Texas,Guadalupe,Total,2481
Texas,Hale,Total,642
Texas,Hall,Total,64
Texas,Hamilton,Total,234
Texas,Hansford,Total,147
Texas,Hardeman,Total,84
Texas,Hardin,Total,830
Texas,Harris,Total,108434
Texas,Harrison,Total,1333
Texas,Hartley,Total,114
Texas,Haskell,Total,134
Texas,Hays,Total,5124
Texas,Hemphill,Total,126
Texas,Henderson,Total,1394
Texas,Hidalgo,Total,12613
Texas,Hill,Total,645
Texas,Hockley,Total,470
Texas,Hood,Total,1450
Texas,Hopkins,Total,783
Texas,Houston,Total,353
Texas,Howard,Total,733
Texas,Hudspeth,Total,35
Texas,Hunt,Total,1672
Texas,Hutchinson,Total,413
Texas,Irion,Total,57
Texas,Jack,Total,204
Texas,Jackson,Total,340
Texas,Jasper,Total,634
Texas,Jeff Davis,Total,61
Texas,Jefferson,Total,5694
Texas,Jim Hogg,Total,76
Texas,Jim Wells,Total,766
Texas,Johnson,Total,3177
Texas,Jones,Total,254
Texas,Karnes,Total,332
Texas,Kaufman,Total,2371
Texas,Kendall,Total,1567
Texas,Kenedy,Total,17
Texas,Kent,Total,12
Texas,Kerr,Total,1511
Texas,Kimble,Total,144
Texas,Kinney,Total,36
Texas,Kleberg,Total,533
Texas,Knox,Total,91
Texas,Lamar,Total,1223
Texas,Lamb,Total,227
Texas,Lampasas,Total,432
Texas,La Salle,Total,146
Texas,Lavaca,Total,466
Texas,Lee,Total,420
Texas,Leon,Total,356
Texas,Liberty,Total,1149
Texas,Limestone,Total,393
Texas,Lipscomb,Total,67
Texas,Live Oak,Total,266
Texas,Llano,Total,514
Texas,Loving,Total,12
Texas,Lubbock,Total,7678
Texas,Lynn,Total,75
Texas,McCulloch,Total,201
Texas,McLennan,Total,5559
Texas,McMullen,Total,40
Texas,Madison,Total,259
Texas,Marion,Total,156
Texas,Martin,Total,118
Texas,Mason,Total,146
Texas,Matagorda,Total,721
Texas,Maverick,Total,834
Texas,Medina,Total,797
Texas,Menard,Total,46
Texas,Midland,Total,5761
Texas,Milam,Total,421
Texas,Mills,Total,115
Texas,Mitchell,Total,131
Texas,Montague,Total,441
Texas,Montgomery,Total,13580
Texas,Moore,Total,446
Texas,Morris,Total,199
Texas,Motley,Total,20
Texas,Nacogdoches,Total,1290
Texas,Navarro,Total,938
Texas,Newton,Total,129
Texas,Nolan,Total,338
Texas,Nueces,Total,8005
Texas,Ochiltree,Total,361
Texas,Oldham,Total,42
Texas,Orange,Total,1321
Texas,Palo Pinto,Total,610
Texas,Panola,Total,458
Texas,Parker,Total,3209
Texas,Parmer,Total,199
Texas,Pecos,Total,341
Texas,Polk,Total,829
Texas,Potter,Total,3498
Texas,Presidio,Total,140
Texas,Rains,Total,200
Texas,Randall,Total,2753
Texas,Reagan,Total,119
Texas,Real,Total,90
Texas,Red River,Total,182
Texas,Reeves,Total,375
Texas,Refugio,Total,135
Texas,Roberts,Total,19
Texas,Robertson,Total,269
Texas,Rockwall,Total,2765
Texas,Runnels,Total,223
Texas,Rusk,Total,789
Texas,Sabine,Total,194
Texas,San Augustine,Total,131
Texas,San Jacinto,Total,212
Texas,San Patricio,Total,1093
Texas,San Saba,Total,155
Texas,Schleicher,Total,46
Texas,Scurry,Total,389
Texas,Shackelford,Total,116
Texas,Shelby,Total,530
Texas,Sherman,Total,55
Texas,Smith,Total,6073
Texas,Somervell,Total,227
Texas,Starr,Total,570
Texas,Stephens,Total,243
Texas,Sterling,Total,50
Texas,Stonewall,Total,45
Texas,Sutton,Total,116
Texas,Swisher,Total,122
Texas,Tarrant,Total,45993
Texas,Taylor,Total,3594
Texas,Terrell,Total,10
Texas,Terry,Total,217
Texas,Throckmorton,Total,48
Texas,Titus,Total,680
Texas,Tom Green,Total,2865
Texas,Travis,Total,39991
Texas,Trinity,Total,186
Texas,Tyler,Total,258
Texas,Upshur,Total,527
Texas,Upton,Total,91
Texas,Uvalde,Total,613
Texas,Val Verde,Total,786
Texas,Van Zandt,Total,936
Texas,Victoria,Total,2230
Texas,Walker,Total,1033
Texas,Waller,Total,922
Texas,Ward,Total,307
Texas,Washington,Total,964
Texas,Webb,Total,5698
Texas,Wharton,Total,989
Texas,Wheeler,Total,169
Texas,Wichita,Total,3007
Texas,Wilbarger,Total,284
Texas,Willacy,Total,183
Texas,Williamson,Total,13382
Texas,Wilson,Total,784
Texas,Winkler,Total,190
Texas,Wise,Total,1433
Texas,Wood,Total,841
Texas,Yoakum,Total,187
Texas,Young,Total,565
Texas,Zapata,Total,135
Texas,Zavala,Total,96
Texas,Statewide Texas,Total,1528
Utah,Beaver,Total,195
Utah,Box Elder,Total,1291
Utah,Cache,Total,3833
Utah,Carbon,Total,474
Utah,Daggett,Total,27
Utah,Davis,Total,8282
Utah,Duchesne,Total,642
Utah,Emery,Total,199
Utah,Garfield,Total,197
Utah,Grand,Total,537
Utah,Iron,Total,1756
Utah,Juab,Total,253
Utah,Kane,Total,308
Utah,Millard,Total,275
Utah,Morgan,Total,342
Utah,Piute,Total,33
Utah,Rich,Total,120
Utah,Salt Lake,Total,34648
Utah,San Juan,Total,260
Utah,Sanpete,Total,495
Utah,Sevier,Total,552
Utah,Summit,Total,2706
Utah,Tooele,Total,1068
Utah,Uintah,Total,1052
Utah,Utah,Total,16210
Utah,Wasatch,Total,1216
Utah,Washington,Total,6500
Utah,Wayne,Total,110
Utah,Weber,Total,6088
Utah,Statewide Utah,Total,632
Vermont,Addison,Total,1147
Vermont,Bennington,Total,1297
Vermont,Caledonia,Total,898
Vermont,Chittenden,Total,5636
Vermont,Essex,Total,108
Vermont,Franklin,Total,1041
Vermont,Grand Isle,Total,180
Vermont,Lamoille,Total,959
Vermont,Orange,Total,693
Vermont,Orleans,Total,769
Vermont,Rutland,Total,1986
Vermont,Washington,Total,2135
Vermont,Windham,Total,1646
Vermont,Windsor,Total,1926
Vermont,Statewide Vermont,Total,275
Virginia,Accomack,Total,706
Virginia,Albemarle,Total,2874
Virginia,Alleghany,Total,238
Virginia,Amelia,Total,259
Virginia,Amherst,Total,545
Virginia,Appomattox,Total,302
Virginia,Arlington,Total,6326
Virginia,Augusta,Total,1440
Virginia,Bath,Total,116
Virginia,Bedford,Total,1770
Virginia,Bland,Total,76
Virginia,Botetourt,Total,768
Virginia,Brunswick,Total,249
Virginia,Buchanan,Total,347
Virginia,Buckingham,Total,255
Virginia,Campbell,Total,1192
Virginia,Caroline,Total,406
Virginia,Carroll,Total,408
Virginia,Charles City,Total,155
Virginia,Charlotte,Total,213
Virginia,Chesterfield,Total,7838
Virginia,Clarke,Total,376
Virginia,Craig,Total,69
Virginia,Culpeper,Total,1078
Virginia,Cumberland,Total,147
Virginia,Dickenson,Total,201
Virginia,Dinwiddie,Total,368
Virginia,Essex,Total,297
Virginia,Fairfax,Total,31808
Virginia,Fauquier,Total,1917
Virginia,Floyd,Total,331
Virginia,Fluvanna,Total,410
Virginia,Franklin,Total,1186
Virginia,Frederick,Total,1607
Virginia,Giles,Total,285
Virginia,Gloucester,Total,855
Virginia,Goochland,Total,699
Virginia,Grayson,Total,166
Virginia,Greene,Total,373
Virginia,Greensville,Total,100
Virginia,Halifax,Total,677
Virginia,Hanover,Total,3306
Virginia,Henrico,Total,9477
Virginia,Henry,Total,792
Virginia,Highland,Total,83
Virginia,Isle of Wight,Total,744
Virginia,James City,Total,1768
Virginia,King and Queen,Total,120
Virginia,King George,Total,476
Virginia,King William,Total,340
Virginia,Lancaster,Total,442
Virginia,Lee,Total,245
Virginia,Loudoun,Total,11720
Virginia,Louisa,Total,650
Virginia,Lunenburg,Total,159
Virginia,Madison,Total,281
Virginia,Mathews,Total,192
Virginia,Mecklenburg,Total,765
Virginia,Middlesex,Total,294
Virginia,Montgomery,Total,1991
Virginia,Nelson,Total,367
Virginia,New Kent,Total,422
Virginia,Northampton,Total,304
Virginia,Northumberland,Total,304
Virginia,Nottoway,Total,295
Virginia,Orange,Total,679
Virginia,Page,Total,421
Virginia,Patrick,Total,266
Virginia,Pittsylvania,Total,853
Virginia,Powhatan,Total,729
Virginia,Prince Edward,Total,500
Virginia,Prince George,Total,472
Virginia,Prince William,Total,9022
Virginia,Pulaski,Total,615
Virginia,Rappahannock,Total,200
Virginia,Richmond,Total,179
Virginia,Roanoke,Total,2051
Virginia,Rockbridge,Total,439
Virginia,Rockingham,Total,1554
Virginia,Russell,Total,450
Virginia,Scott,Total,248
Virginia,Shenandoah,Total,887
Virginia,Smyth,Total,482
Virginia,Southampton,Total,225
Virginia,Spotsylvania,Total,2640
Virginia,Stafford,Total,2509
Virginia,Surry,Total,85
Virginia,Sussex,Total,168
Virginia,Tazewell,Total,910
Virginia,Warren,Total,890
Virginia,Washington,Total,1136
Virginia,Westmoreland,Total,316
Virginia,Wise,Total,609
Virginia,Wythe,Total,677
Virginia,York,Total,1496
Virginia,Alexandria city,Total,4565
Virginia,Bristol city,Total,526
Virginia,Buena Vista city,Total,102
Virginia,Charlottesville city,Total,2001
Virginia,Chesapeake city,Total,5716
Virginia,Colonial Heights city,Total,642
Virginia,Covington city,Total,195
Virginia,Danville city,Total,1222
Virginia,Emporia city,Total,220
Virginia,Fairfax city,Total,1995
Virginia,Falls Church city,Total,863
Virginia,Franklin city,Total,257
Virginia,Fredericksburg city,Total,1413
Virginia,Galax city,Total,304
Virginia,Hampton city,Total,2401
Virginia,Harrisonburg city,Total,1627
Virginia,Hopewell city,Total,411
Virginia,Lexington city,Total,254
Virginia,Lynchburg city,Total,2240
Virginia,Manassas city,Total,1508
Virginia,Manassas Park city,Total,334
Virginia,Martinsville city,Total,512
Virginia,Newport News city,Total,3786
Virginia,Norfolk city,Total,5395
Virginia,Norton city,Total,194
Virginia,Petersburg city,Total,705
Virginia,Poquoson city,Total,226
Virginia,Portsmouth city,Total,1620
Virginia,Radford city,Total,291
Virginia,Richmond city,Total,6419
Virginia,Roanoke city,Total,3104
Virginia,Salem city,Total,1003
Virginia,Staunton city,Total,740
Virginia,Suffolk city,Total,1734
Virginia,Virginia Beach city,Total,11625
Virginia,Waynesboro city,Total,603
Virginia,Williamsburg city,Total,542
Virginia,Winchester city,Total,1373
Virginia,Statewide Virginia,Total,925
Washington,Adams,Total,377
Washington,Asotin,Total,441
Washington,Benton,Total,4931
Washington,Chelan,Total,2678
Washington,Clallam,Total,2094
Washington,Clark,Total,11993
Washington,Columbia,Total,119
Washington,Cowlitz,Total,2242
Washington,Douglas,Total,808
Washington,Ferry,Total,140
Washington,Franklin,Total,1831
Washington,Garfield,Total,45
Washington,Grant,Total,1973
Washington,Grays Harbor,Total,1558
Washington,Island,Total,1895
Washington,Jefferson,Total,1018
Washington,King,Total,70745
Washington,Kitsap,Total,6165
Washington,Kittitas,Total,1378
Washington,Klickitat,Total,552
Washington,Lewis,Total,1944
Washington,Lincoln,Total,276
Washington,Mason,Total,1065
Washington,Okanogan,Total,1160
Washington,Pacific,Total,597
Washington,Pend Oreille,Total,241
Washington,Pierce,Total,19462
Washington,San Juan,Total,1025
Washington,Skagit,Total,3580
Washington,Skamania,Total,203
Washington,Snohomish,Total,19912
Washington,Spokane,Total,13865
Washington,Stevens,Total,918
Washington,Thurston,Total,6529
Washington,Wahkiakum,Total,85
Washington,Walla Walla,Total,1449
Washington,Whatcom,Total,6994
Washington,Whitman,Total,848
Washington,Yakima,Total,4880
Washington,Statewide Washington,Total,838
West Virginia,Barbour,Total,203
West Virginia,Berkeley,Total,1713
West Virginia,Boone,Total,236
West Virginia,Braxton,Total,238
West Virginia,Brooke,Total,375
West Virginia,Cabell,Total,2294
West Virginia,Calhoun,Total,85
West Virginia,Clay,Total,67
West Virginia,Doddridge,Total,71
West Virginia,Fayette,Total,683
West Virginia,Gilmer,Total,100
West Virginia,Grant,Total,236
West Virginia,Greenbrier,Total,879
West Virginia,Hampshire,Total,312
West Virginia,Hancock,Total,544
West Virginia,Hardy,Total,276
West Virginia,Harrison,Total,1772
West Virginia,Jackson,Total,463
West Virginia,Jefferson,Total,940
West Virginia,Kanawha,Total,4494
West Virginia,Lewis,Total,361
West Virginia,Lincoln,Total,157
West Virginia,Logan,Total,552
West Virginia,McDowell,Total,195
West Virginia,Marion,Total,1109
West Virginia,Marshall,Total,497
West Virginia,Mason,Total,315
West Virginia,Mercer,Total,1170
West Virginia,Mineral,Total,444
West Virginia,Mingo,Total,316
West Virginia,Monongalia,Total,2405
West Virginia,Monroe,Total,168
West Virginia,Morgan,Total,231
West Virginia,Nicholas,Total,545
West Virginia,Ohio,Total,1285
West Virginia,Pendleton,Total,143
West Virginia,Pleasants,Total,127
West Virginia,Pocahontas,Total,221
West Virginia,Preston,Total,510
West Virginia,Putnam,Total,1209
West Virginia,Raleigh,Total,1653
West Virginia,Randolph,Total,649
West Virginia,Ritchie,Total,188
West Virginia,Roane,Total,223
West Virginia,Summers,Total,156
West Virginia,Taylor,Total,210
West Virginia,Tucker,Total,157
West Virginia,Tyler,Total,120
West Virginia,Upshur,Total,511
West Virginia,Wayne,Total,462
West Virginia,Webster,Total,112
West Virginia,Wetzel,Total,319
West Virginia,Wirt,Total,53
West Virginia,Wood,Total,1894
West Virginia,Wyoming,Total,273
West Virginia,Statewide West Virginia,Total,395
Wisconsin,Adams,Total,334
Wisconsin,Ashland,Total,476
Wisconsin,Barron,Total,1352
Wisconsin,Bayfield,Total,446
Wisconsin,Brown,Total,6578
Wisconsin,Buffalo,Total,292
Wisconsin,Burnett,Total,400
Wisconsin,Calumet,Total,896
Wisconsin,Chippewa,Total,1631
Wisconsin,Clark,Total,751
Wisconsin,Columbia,Total,1420
Wisconsin,Crawford,Total,379
Wisconsin,Dane,Total,14402
Wisconsin,Dodge,Total,1690
Wisconsin,Door,Total,1291
Wisconsin,Douglas,Total,1016
Wisconsin,Dunn,Total,905
Wisconsin,Eau Claire,Total,2662
Wisconsin,Florence,Total,102
Wisconsin,Fond du Lac,Total,2263
Wisconsin,Forest,Total,223
Wisconsin,Grant,Total,1171
Wisconsin,Green,Total,993
Wisconsin,Green Lake,Total,454
Wisconsin,Iowa,Total,555
Wisconsin,Iron,Total,179
Wisconsin,Jackson,Total,393
Wisconsin,Jefferson,Total,2006
Wisconsin,Juneau,Total,531
Wisconsin,Kenosha,Total,3312
Wisconsin,Kewaunee,Total,453
Wisconsin,La Crosse,Total,3101
Wisconsin,Lafayette,Total,340
Wisconsin,Langlade,Total,544
Wisconsin,Lincoln,Total,674
Wisconsin,Manitowoc,Total,1718
Wisconsin,Marathon,Total,3375
Wisconsin,Marinette,Total,1045
Wisconsin,Marquette,Total,268
Wisconsin,Menominee,Total,22
Wisconsin,Milwaukee,Total,20215
Wisconsin,Monroe,Total,963
Wisconsin,Oconto,Total,782
Wisconsin,Oneida,Total,1371
Wisconsin,Outagamie,Total,5161
Wisconsin,Ozaukee,Total,2802
Wisconsin,Pepin,Total,216
Wisconsin,Pierce,Total,787
Wisconsin,Polk,Total,1149
Wisconsin,Portage,Total,1682
Wisconsin,Price,Total,370
Wisconsin,Racine,Total,4057
Wisconsin,Richland,Total,369
Wisconsin,Rock,Total,3389
Wisconsin,Rusk,Total,315
Wisconsin,St. Croix,Total,2351
Wisconsin,Sauk,Total,1819
Wisconsin,Sawyer,Total,634
Wisconsin,Shawano,Total,888
Wisconsin,Sheboygan,Total,2668
Wisconsin,Taylor,Total,473
Wisconsin,Trempealeau,Total,669
Wisconsin,Vernon,Total,634
Wisconsin,Vilas,Total,978
Wisconsin,Walworth,Total,2777
Wisconsin,Washburn,Total,516
Wisconsin,Washington,Total,3329
Wisconsin,Waukesha,Total,12711
Wisconsin,Waupaca,Total,1171
Wisconsin,Waushara,Total,456
Wisconsin,Winnebago,Total,3669
Wisconsin,Wood,Total,1741
Wisconsin,Statewide Wisconsin,Total,741
Wyoming,Albany,Total,1055
Wyoming,Big Horn,Total,309
Wyoming,Campbell,Total,1464
Wyoming,Carbon,Total,507
Wyoming,Converse,Total,433
Wyoming,Crook,Total,264
Wyoming,Fremont,Total,1244
Wyoming,Goshen,Total,328
Wyoming,Hot Springs,Total,177
Wyoming,Johnson,Total,526
Wyoming,Laramie,Total,3471
Wyoming,Lincoln,Total,886
Wyoming,Natrona,Total,2930
Wyoming,Niobrara,Total,72
Wyoming,Park,Total,1286
Wyoming,Platte,Total,270
Wyoming,Sheridan,Total,1941
Wyoming,Sublette,Total,439
Wyoming,Sweetwater,Total,1175
Wyoming,Teton,Total,2345
Wyoming,Uinta,Total,570
Wyoming,Washakie,Total,321
Wyoming,Weston,Total,205
Wyoming,Statewide Wyoming,Total,256
